BuffBucketId,TableType,MaxRoll,Buff1,BuffType1,BuffPotency1,Buff2,BuffType2,BuffPotency2,Buff3,BuffType3,BuffPotency3,Buff4,BuffType4,BuffPotency4,Buff5,BuffType5,BuffPotency5,Buff6,BuffType6,BuffPotency6
PromSoloEltBuff,AND,0,AI_Elite_Unbreakable_Grit_Buff,StatusEffect,1,AI_Elite_StaggerAndStaminaDMG_Buff,StatusEffect,1,AI_Dungeon,StatusEffect,1,,,0,,,0,,,0
PromSoloEltBuff_Probs,,0,0,,0,0,,0,0,,0,,,0,,,0,,,0
ChampionEliteBaseBuffs,AND,0,AI_Elite_Unbreakable_Grit,StatusEffect,1,AI_SlowRoot_Immunity,StatusEffect,1,,,0,,,0,,,0,,,0
ChampionEliteBaseBuffs_Probs,,0,0,,0,0,,0,,,0,,,0,,,0,,,0
ChampRndThreeBuff,AND,0,RandomOffensiveBuff,BuffBucket,1,RandomDefensiveBuff,BuffBucket,1,RandomUtilityBuff,BuffBucket,1,ChampionEliteBaseBuffs,BuffBucket,1,,,0,,,0
ChampRndThreeBuff_Probs,,0,0,,0,0,,0,0,,0,0,,0,,,0,,,0
ChampRndOffBuff,AND,0,RandomOffensiveBuff,BuffBucket,1,ChampionEliteBaseBuffs,BuffBucket,1,,,0,,,0,,,0,,,0
ChampRndOffBuff_Probs,,0,0,,0,0,,0,,,0,,,0,,,0,,,0
ChampRndOffDefBuff,AND,0,RandomOffensiveBuff,BuffBucket,1,RandomDefensiveBuff,BuffBucket,1,ChampionEliteBaseBuffs,BuffBucket,1,,,0,,,0,,,0
ChampRndOffDefBuff_Probs,,0,0,,0,0,,0,0,,0,,,0,,,0,,,0
ChampRndOffUtilBuff,AND,0,RandomOffensiveBuff,BuffBucket,1,RandomUtilityBuff,BuffBucket,1,ChampionEliteBaseBuffs,BuffBucket,1,,,0,,,0,,,0
ChampRndOffUtilBuff_Probs,,0,0,,0,0,,0,0,,0,,,0,,,0,,,0
ChampRndDefUtilBuff,AND,0,RandomDefensiveBuff,BuffBucket,1,RandomUtilityBuff,BuffBucket,1,ChampionEliteBaseBuffs,BuffBucket,1,,,0,,,0,,,0
ChampRndDefUtilBuff_Probs,,0,0,,0,0,,0,0,,0,,,0,,,0,,,0
ChampRndOffDefUtilNoElemBuff,AND,0,RandomOffNoElemBuff,BuffBucket,1,RandomDefensiveBuff,BuffBucket,1,RandomUtilityBuff,BuffBucket,1,ChampionEliteBaseBuffs,BuffBucket,1,,,0,,,0
ChampRndOffDefUtilNoElemBuff_Probs,,0,0,,0,0,,0,0,,0,0,,0,,,0,,,0
ChampRndOffDefNoElemBuff,AND,0,RandomOffNoElemBuff,BuffBucket,1,RandomDefensiveBuff,BuffBucket,1,ChampionEliteBaseBuffs,BuffBucket,1,,,0,,,0,,,0
ChampRndOffDefNoElemBuff_Probs,,0,0,,0,0,,0,0,,0,,,0,,,0,,,0
RandomDamageType,OR,0,AI_FireDamage_Buff,StatusEffect,1,AI_CorruptionDamage_Buff,StatusEffect,1,AI_IceDamage_Buff,StatusEffect,1,AI_ArcaneDamage_Buff,StatusEffect,1,AI_LightningDamage_Buff,StatusEffect,1,AI_NatureDamage_Buff,StatusEffect,1
RandomDamageType_Probs,,100,0,,0,17,,0,34,,0,51,,0,68,,0,84,,0
RandomResistType,OR,0,AI_FireResist_Buff,StatusEffect,1,AI_VoidResist_Buff,StatusEffect,1,AI_IceResist_Buff,StatusEffect,1,AI_ArcaneResist_Buff,StatusEffect,1,AI_LightningResist_Buff,StatusEffect,1,AI_NatureResist_Buff,StatusEffect,1
RandomResistType_Probs,,100,0,,0,17,,0,34,,0,51,,0,68,,0,84,,0
RandomOffensiveBuff,OR,0,AI_Damage_Buff,StatusEffect,1,RandomDamageType,BuffBucket,1,AI_StaminaDamage_Buff,StatusEffect,1,,,0,,,0,,,0
RandomOffensiveBuff_Probs,,100,0,,0,20,,0,80,,0,,,0,,,0,,,0
RandomOffNoElemBuff,OR,0,AI_Damage_Buff,StatusEffect,1,AI_StaminaDamage_Buff,StatusEffect,1,,,0,,,0,,,0,,,0
RandomOffNoElemBuff_Probs,,100,0,,0,50,,0,,,0,,,0,,,0,,,0
RandomDefensiveBuff,OR,0,AI_Health_Buff,StatusEffect,1,AI_Armor_Buff,StatusEffect,1,RandomResistType,BuffBucket,1,,,0,,,0,,,0
RandomDefensiveBuff_Probs,,100,0,,0,20,,0,40,,0,,,0,,,0,,,0
RandomDefensiveBuffNoResist,OR,0,AI_Health_Buff,StatusEffect,1,AI_Armor_Buff,StatusEffect,1,,,0,,,0,,,0,,,0
RandomDefensiveBuffNoResist_Probs,,100,0,,0,20,,0,,,0,,,0,,,0,,,0
RandomUtilityBuff,OR,0,AI_ColdAura_Buff,StatusEffect,1,AI_SelfDestruct_Buff,StatusEffect,1,AI_RotatingBeam_Buff,StatusEffect,1,AI_Slime_Buff,StatusEffect,1,,,0,,,0
RandomUtilityBuff_Probs,,100,0,,0,25,,0,50,,0,75,,0,,,0,,,0
ZaneBuffs,AND,0,AI_Corruption_Pool_Buff,StatusEffect,1,,,0,,,0,,,0,,,0,,,0
ZaneBuffs_Probs,,0,0,,0,,,0,,,0,,,0,,,0,,,0
AlligatorStrangeNamed00Buffs,AND,0,AI_Armor_Buff,StatusEffect,1,AI_Damage_Buff,StatusEffect,1,AI_Health_Buff,StatusEffect,1,,,0,,,0,,,0
AlligatorStrangeNamed00Buffs_Probs,,0,0,,0,0,,0,0,,0,,,0,,,0,,,0
AlligatorStrangeNamed01Buffs,AND,0,AI_Slime_Buff,StatusEffect,1,,,0,,,0,,,0,,,0,,,0
AlligatorStrangeNamed01Buffs_Probs,,0,0,,0,,,0,,,0,,,0,,,0,,,0
AncientGuardianSpearmanNamed01Buffs,AND,0,AI_FireDamage_Buff,StatusEffect,1,AI_ArcaneResist_Buff,StatusEffect,1,,,0,,,0,,,0,,,0
AncientGuardianSpearmanNamed01Buffs_Probs,,0,0,,0,0,,0,,,0,,,0,,,0,,,0
AnubianGuardianArcherNamed00Buffs,AND,0,AI_OnPoisonHit_Buff,StatusEffect,1,RandomUtilityBuff,BuffBucket,1,RandomDefensiveBuff,BuffBucket,1,,,0,,,0,,,0
AnubianGuardianArcherNamed00Buffs_Probs,,0,0,,0,0,,0,0,,0,,,0,,,0,,,0
AnubianGuardianArcherNamed01Buffs,AND,0,AI_Damage_Buff,StatusEffect,1,AI_OnPoisonHit_Buff,StatusEffect,1,RandomDefensiveBuff,BuffBucket,1,,,0,,,0,,,0
AnubianGuardianArcherNamed01Buffs_Probs,,0,0,,0,0,,0,0,,0,,,0,,,0,,,0
AnubianGuardianBruteNamed00Buffs,AND,0,AI_Armor_Buff,StatusEffect,1,AI_StaminaDamage_Buff,StatusEffect,1,RandomOffensiveBuff,BuffBucket,1,,,0,,,0,,,0
AnubianGuardianBruteNamed00Buffs_Probs,,0,0,,0,0,,0,0,,0,,,0,,,0,,,0
AnubianGuardianBruteNamed01Buffs,AND,0,AI_Armor_Buff,StatusEffect,1,AI_ColdAura_Buff,StatusEffect,1,RandomOffensiveBuff,BuffBucket,1,,,0,,,0,,,0
AnubianGuardianBruteNamed01Buffs_Probs,,0,0,,0,0,,0,0,,0,,,0,,,0,,,0
AnubianGuardianBruteNamed02Buffs,AND,0,AI_Armor_Buff,StatusEffect,1,AI_LightningDamage_Buff,StatusEffect,1,RandomOffensiveBuff,BuffBucket,1,,,0,,,0,,,0
AnubianGuardianBruteNamed02Buffs_Probs,,0,0,,0,0,,0,0,,0,,,0,,,0,,,0
AnubianGuardianHorusNamed00Buffs,AND,0,AI_FireDamage_Buff,StatusEffect,1,AI_ArcaneResist_Buff,StatusEffect,1,RandomUtilityBuff,BuffBucket,1,,,0,,,0,,,0
AnubianGuardianHorusNamed00Buffs_Probs,,0,0,,0,0,,0,0,,0,,,0,,,0,,,0
AnubianGuardianHorusNamed01Buffs,AND,0,AI_LightningDamage_Buff,StatusEffect,1,AI_ArcaneResist_Buff,StatusEffect,1,RandomUtilityBuff,BuffBucket,1,,,0,,,0,,,0
AnubianGuardianHorusNamed01Buffs_Probs,,0,0,,0,0,,0,0,,0,,,0,,,0,,,0
AnubianGuardianHorusNamed02Buffs,AND,0,AI_FireDamage_Buff,StatusEffect,1,AI_ArcaneResist_Buff,StatusEffect,1,RandomUtilityBuff,BuffBucket,1,,,0,,,0,,,0
AnubianGuardianHorusNamed02Buffs_Probs,,0,0,,0,0,,0,0,,0,,,0,,,0,,,0
AnubianGuardianHorusNamed03Buffs,AND,0,AI_ColdAura_Buff,StatusEffect,1,AI_ArcaneResist_Buff,StatusEffect,1,RandomUtilityBuff,BuffBucket,1,,,0,,,0,,,0
AnubianGuardianHorusNamed03Buffs_Probs,,0,0,,0,0,,0,0,,0,,,0,,,0,,,0
AnubianGuardianHorusNamed16BS02Buffs,AND,0,AI_FireDamage_Buff,StatusEffect,1,AI_ArcaneResist_Buff,StatusEffect,1,RandomUtilityBuff,BuffBucket,1,,,0,,,0,,,0
AnubianGuardianHorusNamed16BS02Buffs_Probs,,0,0,,0,0,,0,0,,0,,,0,,,0,,,0
AnubianGuardianHorusNamed16BS09bBuffs,AND,0,AI_NatureDamage_Buff,StatusEffect,1,AI_HealAuraOnHit_Buff,StatusEffect,1,AI_VoidResist_Buff,StatusEffect,1,,,0,,,0,,,0
AnubianGuardianHorusNamed16BS09bBuffs_Probs,,0,0,,0,0,,0,0,,0,,,0,,,0,,,0
AnubianGuardianHorusNamed16BS09aBuffs,AND,0,AI_CorruptionDamage_Buff,StatusEffect,1,AI_PoisonOnHit_Buff,StatusEffect,1,AI_NatureResist_Buff,StatusEffect,1,,,0,,,0,,,0
AnubianGuardianHorusNamed16BS09aBuffs_Probs,,0,0,,0,0,,0,0,,0,,,0,,,0,,,0
AnubianGuardianPantherNamed00Buffs,AND,0,AI_ColdAura_Buff,StatusEffect,1,AI_Damage_Buff,StatusEffect,1,RandomOffensiveBuff,BuffBucket,1,,,0,,,0,,,0
AnubianGuardianPantherNamed00Buffs_Probs,,0,0,,0,0,,0,0,,0,,,0,,,0,,,0
AnubianGuardianPantherNamed01Buffs,AND,0,AI_ColdAura_Buff,StatusEffect,1,AI_Damage_Buff,StatusEffect,1,RandomOffensiveBuff,BuffBucket,1,,,0,,,0,,,0
AnubianGuardianPantherNamed01Buffs_Probs,,0,0,,0,0,,0,0,,0,,,0,,,0,,,0
AnubianGuardianPantherNamed02Buffs,AND,0,AI_ColdAura_Buff,StatusEffect,1,AI_Damage_Buff,StatusEffect,1,RandomOffensiveBuff,BuffBucket,1,,,0,,,0,,,0
AnubianGuardianPantherNamed02Buffs_Probs,,0,0,,0,0,,0,0,,0,,,0,,,0,,,0
AnubianGuardianPantherNamed03Buffs,AND,0,AI_ColdAura_Buff,StatusEffect,1,AI_Damage_Buff,StatusEffect,1,RandomOffensiveBuff,BuffBucket,1,,,0,,,0,,,0
AnubianGuardianPantherNamed03Buffs_Probs,,0,0,,0,0,,0,0,,0,,,0,,,0,,,0
AnubianGuardianPantherNamed04Buffs,AND,0,AI_ColdAura_Buff,StatusEffect,1,AI_Damage_Buff,StatusEffect,1,RandomOffensiveBuff,BuffBucket,1,,,0,,,0,,,0
AnubianGuardianPantherNamed04Buffs_Probs,,0,0,,0,0,,0,0,,0,,,0,,,0,,,0
AnubianGuardianPantherNamed05Buffs,AND,0,AI_ColdAura_Buff,StatusEffect,1,AI_Damage_Buff,StatusEffect,1,RandomOffensiveBuff,BuffBucket,1,,,0,,,0,,,0
AnubianGuardianPantherNamed05Buffs_Probs,,0,0,,0,0,,0,0,,0,,,0,,,0,,,0
AnubianGuardianPantherNamed06Buffs,AND,0,AI_ColdAura_Buff,StatusEffect,1,AI_Damage_Buff,StatusEffect,1,RandomOffensiveBuff,BuffBucket,1,,,0,,,0,,,0
AnubianGuardianPantherNamed06Buffs_Probs,,0,0,,0,0,,0,0,,0,,,0,,,0,,,0
AnubianGuardianReaverNamed00Buffs,AND,0,RandomOffNoElemBuff,BuffBucket,1,AI_LightningDamage_Buff,StatusEffect,1,AI_StaminaDamage_Buff,StatusEffect,1,,,0,,,0,,,0
AnubianGuardianReaverNamed00Buffs_Probs,,0,0,,0,0,,0,0,,0,,,0,,,0,,,0
AnubianGuardianReaverNamed01Buffs,AND,0,RandomOffNoElemBuff,BuffBucket,1,AI_LightningDamage_Buff,StatusEffect,1,AI_StaminaDamage_Buff,StatusEffect,1,,,0,,,0,,,0
AnubianGuardianReaverNamed01Buffs_Probs,,0,0,,0,0,,0,0,,0,,,0,,,0,,,0
AnubianGuardianReaverNamed02Buffs,AND,0,RandomOffNoElemBuff,BuffBucket,1,AI_LightningDamage_Buff,StatusEffect,1,AI_StaminaDamage_Buff,StatusEffect,1,,,0,,,0,,,0
AnubianGuardianReaverNamed02Buffs_Probs,,0,0,,0,0,,0,0,,0,,,0,,,0,,,0
AnubianGuardianSpearman67Named00Buffs,AND,0,RandomOffNoElemBuff,BuffBucket,1,AI_FireDamage_Buff,StatusEffect,1,AI_Armor_Buff,StatusEffect,1,,,0,,,0,,,0
AnubianGuardianSpearman67Named00Buffs_Probs,,0,0,,0,0,,0,0,,0,,,0,,,0,,,0
AnubianScarabNamed00Buffs,AND,0,AI_Armor_Buff,StatusEffect,1,AI_Slime_Buff,StatusEffect,1,RandomOffNoElemBuff,BuffBucket,1,,,0,,,0,,,0
AnubianScarabNamed00Buffs_Probs,,0,0,,0,0,,0,0,,0,,,0,,,0,,,0
AnubianScarabNamed01Buffs,AND,0,AI_Armor_Buff,StatusEffect,1,RandomUtilityBuff,BuffBucket,1,RandomOffNoElemBuff,BuffBucket,1,,,0,,,0,,,0
AnubianScarabNamed01Buffs_Probs,,0,0,,0,0,,0,0,,0,,,0,,,0,,,0
AnubianScarabNamed02Buffs,AND,0,AI_Armor_Buff,StatusEffect,1,RandomDefensiveBuff,BuffBucket,1,RandomOffNoElemBuff,BuffBucket,1,,,0,,,0,,,0
AnubianScarabNamed02Buffs_Probs,,0,0,,0,0,,0,0,,0,,,0,,,0,,,0
BarbaryLionNamed00Buffs,AND,0,RandomOffensiveBuff,BuffBucket,1,RandomDefensiveBuff,BuffBucket,1,RandomOffNoElemBuff,BuffBucket,1,,,0,,,0,,,0
BarbaryLionNamed00Buffs_Probs,,0,0,,0,0,,0,0,,0,,,0,,,0,,,0
BarbaryLionNamed01Buffs,AND,0,RandomOffNoElemBuff,BuffBucket,1,RandomDefensiveBuff,BuffBucket,1,RandomOffNoElemBuff,BuffBucket,1,,,0,,,0,,,0
BarbaryLionNamed01Buffs_Probs,,0,0,,0,0,,0,0,,0,,,0,,,0,,,0
BarbaryLionNamed02Buffs,AND,0,RandomOffNoElemBuff,BuffBucket,1,RandomDefensiveBuff,BuffBucket,1,RandomOffNoElemBuff,BuffBucket,1,,,0,,,0,,,0
BarbaryLionNamed02Buffs_Probs,,0,0,,0,0,,0,0,,0,,,0,,,0,,,0
BarbaryLionNamed03Buffs,AND,0,RandomOffNoElemBuff,BuffBucket,1,RandomDefensiveBuff,BuffBucket,1,RandomOffNoElemBuff,BuffBucket,1,,,0,,,0,,,0
BarbaryLionNamed03Buffs_Probs,,0,0,,0,0,,0,0,,0,,,0,,,0,,,0
BlightedNamed01Buffs,AND,0,AI_Damage_Buff,StatusEffect,1,,,0,,,0,,,0,,,0,,,0
BlightedNamed01Buffs_Probs,,0,0,,0,,,0,,,0,,,0,,,0,,,0
BlightedNamed02Buffs,AND,0,AI_Armor_Buff,StatusEffect,1,,,0,,,0,,,0,,,0,,,0
BlightedNamed02Buffs_Probs,,0,0,,0,,,0,,,0,,,0,,,0,,,0
BoarStripedNamed00Buffs,AND,0,AI_Armor_Buff,StatusEffect,1,AI_Damage_Buff,StatusEffect,1,,,0,,,0,,,0,,,0
BoarStripedNamed00Buffs_Probs,,0,0,,0,0,,0,,,0,,,0,,,0,,,0
ChefNavarroBuffs,AND,0,AI_FireDamage_Buff,StatusEffect,1,,,0,,,0,,,0,,,0,,,0
ChefNavarroBuffs_Probs,,0,0,,0,,,0,,,0,,,0,,,0,,,0
DamnedCultistNamedBuffs,AND,0,AI_SelfDestruct_Corruption_Buff,StatusEffect,1,,,0,,,0,,,0,,,0,,,0
DamnedCultistNamedBuffs_Probs,,0,0,,0,,,0,,,0,,,0,,,0,,,0
DamnedCultistNamed01Buffs,AND,0,AI_SelfDestruct_Corruption_Buff,StatusEffect,1,AI_Slime_Buff,StatusEffect,1,,,0,,,0,,,0,,,0
DamnedCultistNamed01Buffs_Probs,,0,0,,0,0,,0,,,0,,,0,,,0,,,0
DamnedCultistNamed02Buffs,AND,0,AI_SelfDestruct_Corruption_Buff,StatusEffect,1,AI_ColdAura_Buff,StatusEffect,1,,,0,,,0,,,0,,,0
DamnedCultistNamed02Buffs_Probs,,0,0,,0,0,,0,,,0,,,0,,,0,,,0
DamnedGreatAxemanNamed01Buffs,AND,0,AI_Corruption_Pool_Buff,StatusEffect,1,,,0,,,0,,,0,,,0,,,0
DamnedGreatAxemanNamed01Buffs_Probs,,0,0,,0,,,0,,,0,,,0,,,0,,,0
DesertCoyoteNamed00Buffs,AND,0,AI_LightningDamage_Buff,StatusEffect,1,AI_StaminaDamage_Buff,StatusEffect,1,RandomUtilityBuff,BuffBucket,1,,,0,,,0,,,0
DesertCoyoteNamed00Buffs_Probs,,0,0,,0,0,,0,0,,0,,,0,,,0,,,0
DesertCoyoteNamed01Buffs,AND,0,AI_LightningDamage_Buff,StatusEffect,1,AI_StaminaDamage_Buff,StatusEffect,1,RandomUtilityBuff,BuffBucket,1,,,0,,,0,,,0
DesertCoyoteNamed01Buffs_Probs,,0,0,,0,0,,0,0,,0,,,0,,,0,,,0
DesertCoyoteNamed02Buffs,AND,0,AI_LightningDamage_Buff,StatusEffect,1,AI_StaminaDamage_Buff,StatusEffect,1,RandomUtilityBuff,BuffBucket,1,,,0,,,0,,,0
DesertCoyoteNamed02Buffs_Probs,,0,0,,0,0,,0,0,,0,,,0,,,0,,,0
DesertCoyoteNamed03Buffs,AND,0,AI_LightningDamage_Buff,StatusEffect,1,AI_StaminaDamage_Buff,StatusEffect,1,RandomUtilityBuff,BuffBucket,1,,,0,,,0,,,0
DesertCoyoteNamed03Buffs_Probs,,0,0,,0,0,,0,0,,0,,,0,,,0,,,0
DesertScorpionNamed00Buffs,AND,0,AI_Health_Buff,StatusEffect,1,AI_ArcaneResist_Buff,StatusEffect,1,RandomDefensiveBuff,BuffBucket,1,,,0,,,0,,,0
DesertScorpionNamed00Buffs_Probs,,0,0,,0,0,,0,0,,0,,,0,,,0,,,0
DesertScorpionNamed03Buffs,AND,0,AI_Health_Buff,StatusEffect,1,AI_ArcaneResist_Buff,StatusEffect,1,RandomDefensiveBuff,BuffBucket,1,,,0,,,0,,,0
DesertScorpionNamed03Buffs_Probs,,0,0,,0,0,,0,0,,0,,,0,,,0,,,0
DunePhantomBerserkerNamed00Buffs,AND,0,AI_Damage_Buff,StatusEffect,1,AI_SelfDestruct_Buff,StatusEffect,1,RandomOffNoElemBuff,BuffBucket,1,,,0,,,0,,,0
DunePhantomBerserkerNamed00Buffs_Probs,,0,0,,0,0,,0,0,,0,,,0,,,0,,,0
DunePhantomBerserkerNamed01Buffs,AND,0,AI_Damage_Buff,StatusEffect,1,AI_SelfDestruct_Buff,StatusEffect,1,RandomOffNoElemBuff,BuffBucket,1,,,0,,,0,,,0
DunePhantomBerserkerNamed01Buffs_Probs,,0,0,,0,0,,0,0,,0,,,0,,,0,,,0
DunePhantomBerserkerNamed02Buffs,AND,0,AI_Damage_Buff,StatusEffect,1,AI_SelfDestruct_Buff,StatusEffect,1,RandomOffNoElemBuff,BuffBucket,1,,,0,,,0,,,0
DunePhantomBerserkerNamed02Buffs_Probs,,0,0,,0,0,,0,0,,0,,,0,,,0,,,0
DunePhantomHuntressNamed00Buffs,AND,0,AI_StaminaDamage_Buff,StatusEffect,1,AI_IceDamage_Buff,StatusEffect,1,RandomUtilityBuff,BuffBucket,1,,,0,,,0,,,0
DunePhantomHuntressNamed00Buffs_Probs,,0,0,,0,0,,0,0,,0,,,0,,,0,,,0
DunePhantomTankNamed00Buffs,AND,0,RandomDefensiveBuff,BuffBucket,1,AI_FireDamage_Buff,StatusEffect,1,,,0,,,0,,,0,,,0
DunePhantomTankNamed00Buffs_Probs,,0,0,,0,0,,0,,,0,,,0,,,0,,,0
DunePhantomTankNamed01Buffs,AND,0,RandomDefensiveBuff,BuffBucket,1,AI_FireDamage_Buff,StatusEffect,1,,,0,,,0,,,0,,,0
DunePhantomTankNamed01Buffs_Probs,,0,0,,0,0,,0,,,0,,,0,,,0,,,0
DunePhantomTankNamed02Buffs,AND,0,RandomDefensiveBuff,BuffBucket,1,AI_FireDamage_Buff,StatusEffect,1,,,0,,,0,,,0,,,0
DunePhantomTankNamed02Buffs_Probs,,0,0,,0,0,,0,,,0,,,0,,,0,,,0
DynastySummonerNamed00Buffs,AND,0,AI_ArcaneResist_Buff,StatusEffect,1,RandomUtilityBuff,BuffBucket,1,RandomDefensiveBuff,BuffBucket,1,,,0,,,0,,,0
DynastySummonerNamed00Buffs_Probs,,0,0,,0,0,,0,0,,0,,,0,,,0,,,0
GhostFrozenNamed00Buffs,AND,0,AI_Damage_Buff,StatusEffect,1,AI_Health_Buff,StatusEffect,1,,,0,,,0,,,0,,,0
GhostFrozenNamed00Buffs_Probs,,0,0,,0,0,,0,,,0,,,0,,,0,,,0
GhostStarvedNamed03Buffs,AND,0,AI_CorruptionDamage_Buff,StatusEffect,1,AI_Corruption_Pool_Buff,StatusEffect,1,,,0,,,0,,,0,,,0
GhostStarvedNamed03Buffs_Probs,,0,0,,0,0,,0,,,0,,,0,,,0,,,0
GhostStarvedNamed04Buffs,AND,0,RandomDefensiveBuff,BuffBucket,1,,,0,,,0,,,0,,,0,,,0
GhostStarvedNamed04Buffs_Probs,,0,0,,0,,,0,,,0,,,0,,,0,,,0
GhostStarvedNamed05Buffs,AND,0,RandomOffensiveBuff,BuffBucket,1,,,0,,,0,,,0,,,0,,,0
GhostStarvedNamed05Buffs_Probs,,0,0,,0,,,0,,,0,,,0,,,0,,,0
GhostShackledNamed03Buffs,AND,0,AI_Health_Buff,StatusEffect,1,RandomUtilityBuff,BuffBucket,1,,,0,,,0,,,0,,,0
GhostShackledNamed03Buffs_Probs,,0,0,,0,0,,0,,,0,,,0,,,0,,,0
GhostShipwreckedNamed03Buffs,AND,0,AI_StaminaDamage_Buff,StatusEffect,1,AI_Corruption_Pool_Buff,StatusEffect,1,,,0,,,0,,,0,,,0
GhostShipwreckedNamed03Buffs_Probs,,0,0,,0,0,,0,,,0,,,0,,,0,,,0
GhostShipwreckedNamed04Buffs,AND,0,AI_LightningDamage_Buff,StatusEffect,1,,,0,,,0,,,0,,,0,,,0
GhostShipwreckedNamed04Buffs_Probs,,0,0,,0,,,0,,,0,,,0,,,0,,,0
GhostPlaugedNamed03Buffs,AND,0,AI_Armor_Buff,StatusEffect,1,AI_ArcaneResist_Buff,StatusEffect,1,,,0,,,0,,,0,,,0
GhostPlaugedNamed03Buffs_Probs,,0,0,,0,0,,0,,,0,,,0,,,0,,,0
GoatMountianNamed00Buffs,AND,0,AI_ColdAura_Buff,StatusEffect,1,RandomDefensiveBuff,BuffBucket,1,,,0,,,0,,,0,,,0
GoatMountianNamed00Buffs_Probs,,0,0,,0,0,,0,,,0,,,0,,,0,,,0
JackrabbitNamed00Buffs,AND,0,AI_ArcaneResist_Buff,StatusEffect,1,AI_ProjectileShield_Buff,StatusEffect,1,,,0,,,0,,,0,,,0
JackrabbitNamed00Buffs_Probs,,0,0,,0,0,,0,,,0,,,0,,,0,,,0
LegionAxeThrowerMFNamed00Buffs,AND,0,AI_Armor_Buff,StatusEffect,1,RandomDefensiveBuff,BuffBucket,1,RandomOffNoElemBuff,BuffBucket,1,,,0,,,0,,,0
LegionAxeThrowerMFNamed00Buffs_Probs,,0,0,,0,0,,0,0,,0,,,0,,,0,,,0
LegionLegionnaireNamed00Buffs,AND,0,AI_Health_Buff,StatusEffect,1,RandomUtilityBuff,BuffBucket,1,RandomOffNoElemBuff,BuffBucket,1,,,0,,,0,,,0
LegionLegionnaireNamed00Buffs_Probs,,0,0,,0,0,,0,0,,0,,,0,,,0,,,0
LegionLegionnaireNamed01Buffs,AND,0,AI_SelfDestruct_Buff,StatusEffect,1,RandomUtilityBuff,BuffBucket,1,RandomOffNoElemBuff,BuffBucket,1,,,0,,,0,,,0
LegionLegionnaireNamed01Buffs_Probs,,0,0,,0,0,,0,0,,0,,,0,,,0,,,0
LegionLegionnaireNamed02Buffs,AND,0,AI_Health_Buff,StatusEffect,1,RandomUtilityBuff,BuffBucket,1,RandomOffNoElemBuff,BuffBucket,1,,,0,,,0,,,0
LegionLegionnaireNamed02Buffs_Probs,,0,0,,0,0,,0,0,,0,,,0,,,0,,,0
LegionLegionnaireNamed03Buffs,AND,0,AI_Health_Buff,StatusEffect,1,RandomUtilityBuff,BuffBucket,1,RandomOffNoElemBuff,BuffBucket,1,,,0,,,0,,,0
LegionLegionnaireNamed03Buffs_Probs,,0,0,,0,0,,0,0,,0,,,0,,,0,,,0
LegionLegionnaireNamed04Buffs,AND,0,AI_ArcaneResist_Buff,StatusEffect,1,RandomUtilityBuff,BuffBucket,1,RandomOffNoElemBuff,BuffBucket,1,,,0,,,0,,,0
LegionLegionnaireNamed04Buffs_Probs,,0,0,,0,0,,0,0,,0,,,0,,,0,,,0
LegionCyclopsNamed00Buffs,AND,0,AI_Armor_Buff,StatusEffect,1,AI_Health_Buff,StatusEffect,1,RandomDefensiveBuff,BuffBucket,1,,,0,,,0,,,0
LegionCyclopsNamed00Buffs_Probs,,0,0,,0,0,,0,0,,0,,,0,,,0,,,0
LegionCyclopsNamed01Buffs,AND,0,AI_Damage_Buff,StatusEffect,1,AI_Health_Buff,StatusEffect,1,RandomDefensiveBuff,BuffBucket,1,ChampionEliteBaseBuffs,BuffBucket,1,,,0,,,0
LegionCyclopsNamed01Buffs_Probs,,0,0,,0,0,,0,0,,0,0,,0,,,0,,,0
LegionSagittariiNamed00Buffs,AND,0,AI_ArcaneResist_Buff,StatusEffect,1,RandomOffensiveBuff,BuffBucket,1,RandomOffNoElemBuff,BuffBucket,1,,,0,,,0,,,0
LegionSagittariiNamed00Buffs_Probs,,0,0,,0,0,,0,0,,0,,,0,,,0,,,0
LegionSagittariiNamed01Buffs,AND,0,AI_StaminaDamage_Buff,StatusEffect,1,AI_Health_Buff,StatusEffect,1,RandomDefensiveBuff,BuffBucket,1,,,0,,,0,,,0
LegionSagittariiNamed01Buffs_Probs,,0,0,,0,0,,0,0,,0,,,0,,,0,,,0
LegionSigniferNamed00Buffs,AND,0,AI_StaminaDamage_Buff,StatusEffect,1,RandomUtilityBuff,BuffBucket,1,RandomOffNoElemBuff,BuffBucket,1,,,0,,,0,,,0
LegionSigniferNamed00Buffs_Probs,,0,0,,0,0,,0,0,,0,,,0,,,0,,,0
LegionSigniferNamed01Buffs,AND,0,AI_StaminaDamage_Buff,StatusEffect,1,RandomUtilityBuff,BuffBucket,1,RandomOffNoElemBuff,BuffBucket,1,,,0,,,0,,,0
LegionSigniferNamed01Buffs_Probs,,0,0,,0,0,,0,0,,0,,,0,,,0,,,0
LegionSigniferNamed02Buffs,AND,0,AI_StaminaDamage_Buff,StatusEffect,1,RandomUtilityBuff,BuffBucket,1,RandomOffNoElemBuff,BuffBucket,1,,,0,,,0,,,0
LegionSigniferNamed02Buffs_Probs,,0,0,,0,0,,0,0,,0,,,0,,,0,,,0
LegionSigniferNamed03Buffs,AND,0,AI_StaminaDamage_Buff,StatusEffect,1,RandomUtilityBuff,BuffBucket,1,RandomOffNoElemBuff,BuffBucket,1,,,0,,,0,,,0
LegionSigniferNamed03Buffs_Probs,,0,0,,0,0,,0,0,,0,,,0,,,0,,,0
LegionVillagerPickaxeNamed00Buffs,AND,0,AI_Health_Buff,StatusEffect,1,RandomOffNoElemBuff,BuffBucket,1,AI_Armor_Buff,StatusEffect,1,,,0,,,0,,,0
LegionVillagerPickaxeNamed00Buffs_Probs,,0,0,,0,0,,0,0,,0,,,0,,,0,,,0
UndeadOfficerNamed05,AND,0,AI_ArcaneResist_Buff,StatusEffect,1,AI_Slime_Buff,StatusEffect,1,,,0,,,0,,,0,,,0
UndeadOfficerNamed05_Probs,,0,0,,0,0,,0,,,0,,,0,,,0,,,0
UndeadHunterNamed03Buffs,AND,0,AI_ColdAura_Buff,StatusEffect,1,AI_RotatingBeam_Buff,StatusEffect,1,,,0,,,0,,,0,,,0
UndeadHunterNamed03Buffs_Probs,,0,0,,0,0,,0,,,0,,,0,,,0,,,0
UndeadHunterNamed09Buffs,AND,0,AI_StaminaDamage_Buff,StatusEffect,1,AI_Slime_Buff,StatusEffect,1,,,0,,,0,,,0,,,0
UndeadHunterNamed09Buffs_Probs,,0,0,,0,0,,0,,,0,,,0,,,0,,,0
UndeadGraveDiggerNamed01Buffs,AND,0,AI_Health_Buff,StatusEffect,1,AI_RotatingBeam_Buff,StatusEffect,1,,,0,,,0,,,0,,,0
UndeadGraveDiggerNamed01Buffs_Probs,,0,0,,0,0,,0,,,0,,,0,,,0,,,0
DamnedAcolyteNamed00Buffs,AND,0,AI_Corruption_Pool_Buff,StatusEffect,1,RandomDefensiveBuff,BuffBucket,1,,,0,,,0,,,0,,,0
DamnedAcolyteNamed00Buffs_Probs,,0,0,,0,0,,0,,,0,,,0,,,0,,,0
UndeadBerserkerNamed01Buffs,AND,0,AI_SelfDestruct_Buff,StatusEffect,1,,,0,,,0,,,0,,,0,,,0
UndeadBerserkerNamed01Buffs_Probs,,0,0,,0,,,0,,,0,,,0,,,0,,,0
Undead_Pirate_Brute_Named_05WC11Buffs,AND,0,AI_StaminaDamageTakenReduced_50_Buff,StatusEffect,1,ChampRndOffDefNoElemBuff,BuffBucket,1,,,0,,,0,,,0,,,0
Undead_Pirate_Brute_Named_05WC11Buffs_Probs,,0,0,,0,0,,0,,,0,,,0,,,0,,,0
Sand_Elemental_QuestBossBuffs,AND,0,AI_StaminaDamage_Buff,StatusEffect,1,RandomDefensiveBuff,BuffBucket,1,AI_FireResist_Buff,StatusEffect,1,,,0,,,0,,,0
Sand_Elemental_QuestBossBuffs_Probs,,0,0,,0,0,,0,0,,0,,,0,,,0,,,0
SandElementalSoldierNamed00Buffs,AND,0,AI_StaminaDamage_Buff,StatusEffect,1,RandomDefensiveBuff,BuffBucket,1,AI_FireResist_Buff,StatusEffect,1,,,0,,,0,,,0
SandElementalSoldierNamed00Buffs_Probs,,0,0,,0,0,,0,0,,0,,,0,,,0,,,0
SandElementalHeavyNamed00Buffs,AND,0,AI_StaminaDamage_Buff,StatusEffect,1,RandomDefensiveBuff,BuffBucket,1,AI_FireResist_Buff,StatusEffect,1,,,0,,,0,,,0
SandElementalHeavyNamed00Buffs_Probs,,0,0,,0,0,,0,0,,0,,,0,,,0,,,0
StormcourtPirateBuffs,AND,0,AI_LightningResist_Buff,StatusEffect,1,,,0,,,0,,,0,,,0,,,0
StormcourtPirateBuffs_Probs,,0,0,,0,,,0,,,0,,,0,,,0,,,0
StormcourtFamilyBuffs,AND,0,AI_LightningDamage_Buff,StatusEffect,1,ChampionEliteBaseBuffs,BuffBucket,1,AI_LightningResist_Buff,StatusEffect,1,,,0,,,0,,,0
StormcourtFamilyBuffs_Probs,,0,0,,0,0,,0,0,,0,,,0,,,0,,,0
SwordShieldMasteryNamed00Buffs,AND,0,AI_Health_Buff,StatusEffect,1,AIIceResistBuff,StatusEffect,1,,,0,,,0,,,0,,,0
SwordShieldMasteryNamed00Buffs_Probs,,0,0,,0,0,,0,,,0,,,0,,,0,,,0
SwordShieldMasteryNamed01Buffs,AND,0,AI_ArcaneResist_Buff,StatusEffect,1,AI_Armor_Buff,StatusEffect,1,,,0,,,0,,,0,,,0
SwordShieldMasteryNamed01Buffs_Probs,,0,0,,0,0,,0,,,0,,,0,,,0,,,0
ThorpeNamedBuffs,AND,0,AI_CorruptionDamage_Buff,StatusEffect,1,AI_Corruption_Pool_Buff,StatusEffect,1,,,0,,,0,,,0,,,0
ThorpeNamedBuffs_Probs,,0,0,,0,0,,0,,,0,,,0,,,0,,,0
WitheredBruteNamed09Buffs,AND,0,AI_StaminaDamage_Buff,StatusEffect,1,AI_Corruption_Pool_Buff,StatusEffect,1,ChampionEliteBaseBuffs,BuffBucket,1,,,0,,,0,,,0
WitheredBruteNamed09Buffs_Probs,,0,0,,0,0,,0,0,,0,,,0,,,0,,,0
WolfElementalIceNamed00Buffs,AND,0,AI_ColdAura_Buff,StatusEffect,1,AI_IceDamage_Buff,StatusEffect,1,,,0,,,0,,,0,,,0
WolfElementalIceNamed00Buffs_Probs,,0,0,,0,0,,0,,,0,,,0,,,0,,,0
YonasNamedBuffs,AND,0,AI_ArcaneDamage_Buff,StatusEffect,1,AI_Corruption_Pool_Buff,StatusEffect,1,,,0,,,0,,,0,,,0
YonasNamedBuffs_Probs,,0,0,,0,0,,0,,,0,,,0,,,0,,,0
YetiNamedBuffs,AND,0,YetiNamedOffensiveBuffs,BuffBucket,1,YetiNamedDefensiveBuffs,BuffBucket,1,,,0,,,0,,,0,,,0
YetiNamedBuffs_Probs,,0,0,,0,0,,0,,,0,,,0,,,0,,,0
YetiNamedOffensiveBuffs,OR,0,AI_StaminaDamage_Buff,StatusEffect,1,AI_IceDamage_Buff,StatusEffect,1,AI_NatureDamage_Buff,StatusEffect,1,,,0,,,0,,,0
YetiNamedOffensiveBuffs_Probs,,100,0,,0,34,,0,67,,0,,,0,,,0,,,0
YetiNamedDefensiveBuffs,OR,0,AI_IceResist_Buff,StatusEffect,1,AI_ProjectileShield_Buff,StatusEffect,1,AI_ColdAura_Buff,StatusEffect,1,,,0,,,0,,,0
YetiNamedDefensiveBuffs_Probs,,100,0,,0,34,,0,67,,0,,,0,,,0,,,0
EliteAlligatorBlackNamed00Buffs,AND,0,AI_Slime_Buff,StatusEffect,1,AI_Damage_Buff,StatusEffect,1,ChampionEliteBaseBuffs,BuffBucket,1,,,0,,,0,,,0
EliteAlligatorBlackNamed00Buffs_Probs,,0,0,,0,0,,0,0,,0,,,0,,,0,,,0
EliteAnubianScarabNamed00Buffs,AND,0,AI_RotatingBeam_Buff,StatusEffect,1,AI_ProjectileShield_Buff,StatusEffect,1,ChampionEliteBaseBuffs,BuffBucket,1,RandomDefensiveBuff,BuffBucket,1,,,0,,,0
EliteAnubianScarabNamed00Buffs_Probs,,0,0,,0,0,,0,0,,0,0,,0,,,0,,,0
EliteAnubianGuardianBruteNamed00Buffs,AND,0,AI_Damage_Buff,StatusEffect,1,AI_Armor_Buff,StatusEffect,1,ChampionEliteBaseBuffs,BuffBucket,1,RandomDefensiveBuff,BuffBucket,1,,,0,,,0
EliteAnubianGuardianBruteNamed00Buffs_Probs,,0,0,,0,0,,0,0,,0,0,,0,,,0,,,0
EliteAnubianGuardianBruteNamed01Buffs,AND,0,AI_Damage_Buff,StatusEffect,1,AI_Armor_Buff,StatusEffect,1,ChampionEliteBaseBuffs,BuffBucket,1,RandomDefensiveBuff,BuffBucket,1,,,0,,,0
EliteAnubianGuardianBruteNamed01Buffs_Probs,,0,0,,0,0,,0,0,,0,0,,0,,,0,,,0
EliteAnubianGuardianBruteNamed02Buffs,AND,0,AI_Damage_Buff,StatusEffect,1,AI_Armor_Buff,StatusEffect,1,ChampionEliteBaseBuffs,BuffBucket,1,RandomDefensiveBuff,BuffBucket,1,,,0,,,0
EliteAnubianGuardianBruteNamed02Buffs_Probs,,0,0,,0,0,,0,0,,0,0,,0,,,0,,,0
EliteAnubianGuardianHorusNamed00Buffs,AND,0,AI_ColdAura_Buff,StatusEffect,1,AI_ProjectileShield_Buff,StatusEffect,1,ChampionEliteBaseBuffs,BuffBucket,1,AI_Damage_Buff,StatusEffect,1,,,0,,,0
EliteAnubianGuardianHorusNamed00Buffs_Probs,,0,0,,0,0,,0,0,,0,0,,0,,,0,,,0
EliteAnubianGuardianHorusNamed01Buffs,AND,0,AI_FireDamage_Buff,StatusEffect,1,AI_ProjectileShield_Buff,StatusEffect,1,ChampionEliteBaseBuffs,BuffBucket,1,AI_Damage_Buff,StatusEffect,1,,,0,,,0
EliteAnubianGuardianHorusNamed01Buffs_Probs,,0,0,,0,0,,0,0,,0,0,,0,,,0,,,0
EliteAnubianGuardianPantherNamed00Buffs,AND,0,AI_Damage_Buff,StatusEffect,1,RandomUtilityBuff,BuffBucket,1,ChampionEliteBaseBuffs,BuffBucket,1,AI_Damage_Buff,StatusEffect,1,,,0,,,0
EliteAnubianGuardianPantherNamed00Buffs_Probs,,0,0,,0,0,,0,0,,0,0,,0,,,0,,,0
EliteAnubianGuardianPantherNamed01Buffs,AND,0,AI_Damage_Buff,StatusEffect,1,RandomUtilityBuff,BuffBucket,1,ChampionEliteBaseBuffs,BuffBucket,1,RandomOffensiveBuff,BuffBucket,1,,,0,,,0
EliteAnubianGuardianPantherNamed01Buffs_Probs,,0,0,,0,0,,0,0,,0,0,,0,,,0,,,0
EliteAnubianGuardianPantherNamed02Buffs,AND,0,AI_Damage_Buff,StatusEffect,1,RandomUtilityBuff,BuffBucket,1,ChampionEliteBaseBuffs,BuffBucket,1,RandomOffensiveBuff,BuffBucket,1,,,0,,,0
EliteAnubianGuardianPantherNamed02Buffs_Probs,,0,0,,0,0,,0,0,,0,0,,0,,,0,,,0
EliteAnubianGuardianPantherNamed03Buffs,AND,0,AI_Damage_Buff,StatusEffect,1,RandomUtilityBuff,BuffBucket,1,ChampionEliteBaseBuffs,BuffBucket,1,RandomOffensiveBuff,BuffBucket,1,,,0,,,0
EliteAnubianGuardianPantherNamed03Buffs_Probs,,0,0,,0,0,,0,0,,0,0,,0,,,0,,,0
EliteBearGrizzlyNamed00Buffs,AND,0,AI_Damage_Buff,StatusEffect,1,AI_Health_Buff,StatusEffect,1,ChampionEliteBaseBuffs,BuffBucket,1,RandomDefensiveBuff,BuffBucket,1,,,0,,,0
EliteBearGrizzlyNamed00Buffs_Probs,,0,0,,0,0,,0,0,,0,0,,0,,,0,,,0
EliteBloatedCorpseNamed00Buffs,AND,0,AI_Slime_Buff,StatusEffect,1,AI_ColdAura_Buff,StatusEffect,1,ChampionEliteBaseBuffs,BuffBucket,1,AI_SelfDestruct_Buff,StatusEffect,1,,,0,,,0
EliteBloatedCorpseNamed00Buffs_Probs,,0,0,,0,0,,0,0,,0,0,,0,,,0,,,0
EliteCorruptedOgreNamed00Buffs,AND,0,AI_CorruptionDamage_Buff,StatusEffect,1,AI_SelfDestruct_Buff,StatusEffect,1,ChampionEliteBaseBuffs,BuffBucket,1,RandomOffNoElemBuff,BuffBucket,1,,,0,,,0
EliteCorruptedOgreNamed00Buffs_Probs,,0,0,,0,0,,0,0,,0,0,,0,,,0,,,0
EliteCorruptedOgreNamed01Buffs,AND,0,AI_CorruptionDamage_Buff,StatusEffect,1,AI_Armor_Buff,StatusEffect,1,ChampionEliteBaseBuffs,BuffBucket,1,RandomUtilityBuff,BuffBucket,1,,,0,,,0
EliteCorruptedOgreNamed01Buffs_Probs,,0,0,,0,0,,0,0,,0,0,,0,,,0,,,0
EliteCorruptionHeavyNamed00Buffs,AND,0,AI_CorruptionDamage_Buff,StatusEffect,1,AI_Armor_Buff,StatusEffect,1,ChampionEliteBaseBuffs,BuffBucket,1,RandomOffensiveBuff,BuffBucket,1,,,0,,,0
EliteCorruptionHeavyNamed00Buffs_Probs,,0,0,,0,0,,0,0,,0,0,,0,,,0,,,0
EliteCorruptedTigerNamed00Buffs,AND,0,AI_Damage_Buff,StatusEffect,1,AI_StaminaDamage_Buff,StatusEffect,1,ChampionEliteBaseBuffs,BuffBucket,1,RandomDefensiveBuff,BuffBucket,1,,,0,,,0
EliteCorruptedTigerNamed00Buffs_Probs,,0,0,,0,0,,0,0,,0,0,,0,,,0,,,0
EliteDamnedCommanderNamed00Buffs,AND,0,AI_Damage_Buff,StatusEffect,1,AI_Armor_Buff,StatusEffect,1,ChampionEliteBaseBuffs,BuffBucket,1,,,0,,,0,,,0
EliteDamnedCommanderNamed00Buffs_Probs,,0,0,,0,0,,0,0,,0,,,0,,,0,,,0
EliteDamnedCommanderNamed01Buffs,AND,0,AI_FireDamage_Buff,StatusEffect,1,AI_Armor_Buff,StatusEffect,1,ChampionEliteBaseBuffs,BuffBucket,1,RandomOffNoElemBuff,BuffBucket,1,,,0,,,0
EliteDamnedCommanderNamed01Buffs_Probs,,0,0,,0,0,,0,0,,0,0,,0,,,0,,,0
EliteDamnedAcolyteNamed00Buffs,AND,0,AI_Corruption_Pool_Buff,StatusEffect,1,AI_CorruptionDamage_Buff,StatusEffect,1,ChampionEliteBaseBuffs,BuffBucket,1,,,0,,,0,,,0
EliteDamnedAcolyteNamed00Buffs_Probs,,0,0,,0,0,,0,0,,0,,,0,,,0,,,0
EliteDamnedAcolyteNamed01Buffs,AND,0,AI_RotatingBeam_Buff,StatusEffect,1,AI_ArcaneDamage_Buff,StatusEffect,1,ChampionEliteBaseBuffs,BuffBucket,1,,,0,,,0,,,0
EliteDamnedAcolyteNamed01Buffs_Probs,,0,0,,0,0,,0,0,,0,,,0,,,0,,,0
EliteDamnedAcolyteNamed02Buffs,AND,0,AI_CorruptionDamage_Buff,StatusEffect,1,AI_ArcaneDamage_Buff,StatusEffect,1,ChampionEliteBaseBuffs,BuffBucket,1,,,0,,,0,,,0
EliteDamnedAcolyteNamed02Buffs_Probs,,0,0,,0,0,,0,0,,0,,,0,,,0,,,0
EliteDamnedHoundNamed00Buffs,AND,0,AI_Damage_Buff,StatusEffect,1,AI_ProjectileShield_Buff,StatusEffect,1,ChampionEliteBaseBuffs,BuffBucket,1,,,0,,,0,,,0
EliteDamnedHoundNamed00Buffs_Probs,,0,0,,0,0,,0,0,,0,,,0,,,0,,,0
EliteDamnedPistoleerNamed00Buffs,AND,0,AI_CorruptionDamage_Buff,StatusEffect,1,RandomOffensiveBuff,BuffBucket,1,ChampionEliteBaseBuffs,BuffBucket,1,RandomDefensiveBuff,BuffBucket,1,,,0,,,0
EliteDamnedPistoleerNamed00Buffs_Probs,,0,0,,0,0,,0,0,,0,0,,0,,,0,,,0
EliteDamnedPriestNamed00Buffs,AND,0,AI_Corruption_Pool_Buff,StatusEffect,1,AI_Slime_Buff,StatusEffect,1,ChampionEliteBaseBuffs,BuffBucket,1,RandomUtilityBuff,BuffBucket,1,,,0,,,0
EliteDamnedPriestNamed00Buffs_Probs,,0,0,,0,0,,0,0,,0,0,,0,,,0,,,0
EliteDamnedPriestNamed01Buffs,AND,0,AI_CorruptionDamage_Buff,StatusEffect,1,AI_ArcaneResist_Buff,StatusEffect,1,ChampionEliteBaseBuffs,BuffBucket,1,RandomUtilityBuff,BuffBucket,1,,,0,,,0
EliteDamnedPriestNamed01Buffs_Probs,,0,0,,0,0,,0,0,,0,0,,0,,,0,,,0
EliteDamnedPriestNamed02Buffs,AND,0,AI_CorruptionDamage_Buff,StatusEffect,1,AI_ArcaneResist_Buff,StatusEffect,1,ChampionEliteBaseBuffs,BuffBucket,1,RandomUtilityBuff,BuffBucket,1,,,0,,,0
EliteDamnedPriestNamed02Buffs_Probs,,0,0,,0,0,,0,0,,0,0,,0,,,0,,,0
EliteDamnedPriestNamed03Buffs,AND,0,AI_CorruptionDamage_Buff,StatusEffect,1,AI_ArcaneResist_Buff,StatusEffect,1,ChampionEliteBaseBuffs,BuffBucket,1,RandomUtilityBuff,BuffBucket,1,,,0,,,0
EliteDamnedPriestNamed03Buffs_Probs,,0,0,,0,0,,0,0,,0,0,,0,,,0,,,0
EliteDamnedVillagerHammerNamed00Buffs,AND,0,AI_StaminaDamage_Buff,StatusEffect,1,AI_Armor_Buff,StatusEffect,1,ChampionEliteBaseBuffs,BuffBucket,1,,,0,,,0,,,0
EliteDamnedVillagerHammerNamed00Buffs_Probs,,0,0,,0,0,,0,0,,0,,,0,,,0,,,0
EliteDryadBeastNamed00Buffs,AND,0,AI_NatureResist_Buff,StatusEffect,1,RandomDefensiveBuff,BuffBucket,1,ChampionEliteBaseBuffs,BuffBucket,1,RandomOffensiveBuff,BuffBucket,1,,,0,,,0
EliteDryadBeastNamed00Buffs_Probs,,0,0,,0,0,,0,0,,0,0,,0,,,0,,,0
EliteDryadProwlerNamed00Buffs,AND,0,AI_NatureDamage_Buff,StatusEffect,1,AI_NatureResist_Buff,StatusEffect,1,ChampionEliteBaseBuffs,BuffBucket,1,,,0,,,0,,,0
EliteDryadProwlerNamed00Buffs_Probs,,0,0,,0,0,,0,0,,0,,,0,,,0,,,0
EliteDynastyHeavyNamed00Buffs,AND,0,AI_Corruption_Pool_Buff,StatusEffect,1,AI_CorruptionDamage_Buff,StatusEffect,1,ChampionEliteBaseBuffs,BuffBucket,1,RandomOffensiveBuff,BuffBucket,1,,,0,,,0
EliteDynastyHeavyNamed00Buffs_Probs,,0,0,,0,0,,0,0,,0,0,,0,,,0,,,0
EliteDynastySpearmanNamed00Buffs,AND,0,AI_VoidResist_Buff,StatusEffect,1,AI_IceDamage_Buff,StatusEffect,1,ChampionEliteBaseBuffs,BuffBucket,1,RandomUtilityBuff,BuffBucket,1,,,0,,,0
EliteDynastySpearmanNamed00Buffs_Probs,,0,0,,0,0,,0,0,,0,0,,0,,,0,,,0
EliteDynastySummonerNamed00Buffs,AND,0,AI_ArcaneResist_Buff,StatusEffect,1,AI_ProjectileShield_Buff,StatusEffect,1,ChampionEliteBaseBuffs,BuffBucket,1,RandomDefensiveBuff,BuffBucket,1,,,0,,,0
EliteDynastySummonerNamed00Buffs_Probs,,0,0,,0,0,,0,0,,0,0,,0,,,0,,,0
EliteDynastyMaidenNamed00Buffs,AND,0,AI_Damage_Buff,StatusEffect,1,RandomUtilityBuff,BuffBucket,1,ChampionEliteBaseBuffs,BuffBucket,1,RandomOffensiveBuff,BuffBucket,1,,,0,,,0
EliteDynastyMaidenNamed00Buffs_Probs,,0,0,,0,0,,0,0,,0,0,,0,,,0,,,0
EliteDynastyWarriorNamed00Buffs,AND,0,AI_Armor_Buff,StatusEffect,1,AI_Health_Buff,StatusEffect,1,ChampionEliteBaseBuffs,BuffBucket,1,RandomOffensiveBuff,BuffBucket,1,,,0,,,0
EliteDynastyWarriorNamed00Buffs_Probs,,0,0,,0,0,,0,0,,0,0,,0,,,0,,,0
EliteElementalBearNamed00Buffs,AND,0,AI_Armor_Buff,StatusEffect,1,RandomDefensiveBuff,BuffBucket,1,ChampionEliteBaseBuffs,BuffBucket,1,RandomOffensiveBuff,BuffBucket,1,,,0,,,0
EliteElementalBearNamed00Buffs_Probs,,0,0,,0,0,,0,0,,0,0,,0,,,0,,,0
EliteElementalBearNamed01Buffs,AND,0,AI_Armor_Buff,StatusEffect,1,AI_Health_Buff,StatusEffect,1,ChampionEliteBaseBuffs,BuffBucket,1,RandomOffensiveBuff,BuffBucket,1,,,0,,,0
EliteElementalBearNamed01Buffs_Probs,,0,0,,0,0,,0,0,,0,0,,0,,,0,,,0
EliteElementalWolfNamed00Buffs,AND,0,AI_Slime_Buff,StatusEffect,1,RandomDefensiveBuff,BuffBucket,1,ChampionEliteBaseBuffs,BuffBucket,1,RandomOffensiveBuff,BuffBucket,1,,,0,,,0
EliteElementalWolfNamed00Buffs_Probs,,0,0,,0,0,,0,0,,0,0,,0,,,0,,,0
EliteElkElementalNamed00Buffs,AND,0,AI_NatureDamage_Buff,StatusEffect,1,AI_CorruptionDamage_Buff,StatusEffect,1,ChampionEliteBaseBuffs,BuffBucket,1,RandomUtilityBuff,BuffBucket,1,,,0,,,0
EliteElkElementalNamed00Buffs_Probs,,0,0,,0,0,,0,0,,0,0,,0,,,0,,,0
EliteElkCorruptedNamed00Buffs,AND,0,AI_NatureDamage_Buff,StatusEffect,1,AI_CorruptionDamage_Buff,StatusEffect,1,ChampionEliteBaseBuffs,BuffBucket,1,RandomUtilityBuff,BuffBucket,1,,,0,,,0
EliteElkCorruptedNamed00Buffs_Probs,,0,0,,0,0,,0,0,,0,0,,0,,,0,,,0
EliteGhostShackledNamed01Buffs,AND,0,AI_ColdAura_Buff,StatusEffect,1,ChampionEliteBaseBuffs,BuffBucket,1,,,0,,,0,,,0,,,0
EliteGhostShackledNamed01Buffs_Probs,,0,0,,0,0,,0,,,0,,,0,,,0,,,0
EliteGhostShipwreckedNamed00Buffs,AND,0,AI_ArcaneDamage_Buff,StatusEffect,1,AI_LightningResist_Buff,StatusEffect,1,ChampionEliteBaseBuffs,BuffBucket,1,,,0,,,0,,,0
EliteGhostShipwreckedNamed00Buffs_Probs,,0,0,,0,0,,0,0,,0,,,0,,,0,,,0
EliteGhostPlaguedNamed00Buffs,AND,0,AI_Slime_Buff,StatusEffect,1,AI_Corruption_Pool_Buff,StatusEffect,1,ChampionEliteBaseBuffs,BuffBucket,1,,,0,,,0,,,0
EliteGhostPlaguedNamed00Buffs_Probs,,0,0,,0,0,,0,0,,0,,,0,,,0,,,0
EliteLegionCyclopsNamed02Buffs,AND,0,AI_Damage_Buff,StatusEffect,1,AI_Health_Buff,StatusEffect,1,ChampionEliteBaseBuffs,BuffBucket,1,RandomOffensiveBuff,BuffBucket,1,,,0,,,0
EliteLegionCyclopsNamed02Buffs_Probs,,0,0,,0,0,,0,0,,0,0,,0,,,0,,,0
EliteLegionSigniferNamed04Buffs,AND,0,AI_ArcaneDamage_Buff,StatusEffect,1,AI_CorruptionDamage_Buff,StatusEffect,1,RandomOffensiveBuff,BuffBucket,1,ChampionEliteBaseBuffs,BuffBucket,1,,,0,,,0
EliteLegionSigniferNamed04Buffs_Probs,,0,0,,0,0,,0,0,,0,0,,0,,,0,,,0
EliteLegionLegionnaireNamed05Buffs,AND,0,AI_LightningDamage_Buff,StatusEffect,1,AI_ProjectileShield_Buff,StatusEffect,1,RandomDefensiveBuff,BuffBucket,1,ChampionEliteBaseBuffs,BuffBucket,1,,,0,,,0
EliteLegionLegionnaireNamed05Buffs_Probs,,0,0,,0,0,,0,0,,0,0,,0,,,0,,,0
EliteScorpionNamed00Buffs,AND,0,AI_Armor_Buff,StatusEffect,1,AI_Damage_Buff,StatusEffect,1,ChampionEliteBaseBuffs,BuffBucket,1,RandomOffensiveBuff,BuffBucket,1,,,0,,,0
EliteScorpionNamed00Buffs_Probs,,0,0,,0,0,,0,0,,0,0,,0,,,0,,,0
EliteScorpionNamed04Buffs,AND,0,AI_VoidDamage_Buff,StatusEffect,1,AI_Damage_Buff,StatusEffect,1,ChampionEliteBaseBuffs,BuffBucket,1,RandomOffensiveBuff,BuffBucket,1,,,0,,,0
EliteScorpionNamed04Buffs_Probs,,0,0,,0,0,,0,0,,0,0,,0,,,0,,,0
EliteTendrilDryadNamed00Buffs,AND,0,AI_NatureResist_Buff,StatusEffect,1,AI_NatureDamage_Buff,StatusEffect,1,ChampionEliteBaseBuffs,BuffBucket,1,RandomUtilityBuff,BuffBucket,1,,,0,,,0
EliteTendrilDryadNamed00Buffs_Probs,,0,0,,0,0,,0,0,,0,0,,0,,,0,,,0
EliteTendrilCorruptionNamed00Buffs,AND,0,AI_CorruptionDamage_Buff,StatusEffect,1,AI_SelfDestruct_Buff,StatusEffect,1,ChampionEliteBaseBuffs,BuffBucket,1,RandomOffensiveBuff,BuffBucket,1,,,0,,,0
EliteTendrilCorruptionNamed00Buffs_Probs,,0,0,,0,0,,0,0,,0,0,,0,,,0,,,0
EliteUndeadBerserkerNamed00Buffs,AND,0,AI_LightningDamage_Buff,StatusEffect,1,AI_SelfDestruct_Buff,StatusEffect,1,ChampionEliteBaseBuffs,BuffBucket,1,,,0,,,0,,,0
EliteUndeadBerserkerNamed00Buffs_Probs,,0,0,,0,0,,0,0,,0,,,0,,,0,,,0
EliteUndeadBerserkerNamed01Buffs,AND,0,AI_Damage_Buff,StatusEffect,1,AI_Health_Buff,StatusEffect,1,ChampionEliteBaseBuffs,BuffBucket,1,RandomOffensiveBuff,BuffBucket,1,,,0,,,0
EliteUndeadBerserkerNamed01Buffs_Probs,,0,0,,0,0,,0,0,,0,0,,0,,,0,,,0
EliteUndeadHunterNamed00Buffs,AND,0,AI_CorruptionDamage_Buff,StatusEffect,1,AI_Corruption_Pool_Buff,StatusEffect,1,ChampionEliteBaseBuffs,BuffBucket,1,,,0,,,0,,,0
EliteUndeadHunterNamed00Buffs_Probs,,0,0,,0,0,,0,0,,0,,,0,,,0,,,0
EliteUndeadNavigatorNamed00Buffs,AND,0,AI_FireDamage_Buff,StatusEffect,1,AI_FireResist_Buff,StatusEffect,1,ChampionEliteBaseBuffs,BuffBucket,1,RandomDefensiveBuff,BuffBucket,1,,,0,,,0
EliteUndeadNavigatorNamed00Buffs_Probs,,0,0,,0,0,,0,0,,0,0,,0,,,0,,,0
EliteUndeadOfficerNamed00Buffs,AND,0,AI_Armor_Buff,StatusEffect,1,AI_ProjectileShield_Buff,StatusEffect,1,ChampionEliteBaseBuffs,BuffBucket,1,,,0,,,0,,,0
EliteUndeadOfficerNamed00Buffs_Probs,,0,0,,0,0,,0,0,,0,,,0,,,0,,,0
EliteUndeadOfficerNamed01Buffs,AND,0,AI_LightningDamage_Buff,StatusEffect,1,AI_LightningResist_Buff,StatusEffect,1,ChampionEliteBaseBuffs,BuffBucket,1,RandomDefensiveBuff,BuffBucket,1,,,0,,,0
EliteUndeadOfficerNamed01Buffs_Probs,,0,0,,0,0,,0,0,,0,0,,0,,,0,,,0
EliteUndeadPirateBruteNamed01Buffs,AND,0,AI_Damage_Buff,StatusEffect,1,AI_StaminaDamage_Buff,StatusEffect,1,ChampionEliteBaseBuffs,BuffBucket,1,,,0,,,0,,,0
EliteUndeadPirateBruteNamed01Buffs_Probs,,0,0,,0,0,,0,0,,0,,,0,,,0,,,0
EliteUndeadPirateBruteNamed00Buffs,AND,0,AI_ColdAura_Buff,StatusEffect,1,AI_Health_Buff,StatusEffect,1,ChampionEliteBaseBuffs,BuffBucket,1,,,0,,,0,,,0
EliteUndeadPirateBruteNamed00Buffs_Probs,,0,0,,0,0,,0,0,,0,,,0,,,0,,,0
EliteUndeadPistoleerNamed00Buffs,AND,0,AI_Armor_Buff,StatusEffect,1,AI_Damage_Buff,StatusEffect,1,ChampionEliteBaseBuffs,BuffBucket,1,RandomOffensiveBuff,BuffBucket,1,,,0,,,0
EliteUndeadPistoleerNamed00Buffs_Probs,,0,0,,0,0,,0,0,,0,0,,0,,,0,,,0
EliteWitheredBruteNamed00Buffs,AND,0,AI_StaminaDamage_Buff,StatusEffect,1,AI_ColdAura_Buff,StatusEffect,1,ChampionEliteBaseBuffs,BuffBucket,1,,,0,,,0,,,0
EliteWitheredBruteNamed00Buffs_Probs,,0,0,,0,0,,0,0,,0,,,0,,,0,,,0
AcolyteDarkness00Buffs,AND,0,RandomOffNoElemBuff,BuffBucket,1,RandomUtilityBuff,BuffBucket,1,,,0,ChampionEliteBaseBuffs,BuffBucket,1,,,0,,,0
AcolyteDarkness00Buffs_Probs,,0,0,,0,0,,0,,,0,0,,0,,,0,,,0
AcolyteDarkness01Buffs,AND,0,RandomOffNoElemBuff,BuffBucket,1,RandomDefensiveBuffNoResist,BuffBucket,1,,,0,ChampionEliteBaseBuffs,BuffBucket,1,,,0,,,0
AcolyteDarkness01Buffs_Probs,,0,0,,0,0,,0,,,0,0,,0,,,0,,,0
AcolyteDarknessContainer00Buffs,OR,0,AcolyteDarkness00Buffs,BuffBucket,1,AcolyteDarkness01Buffs,BuffBucket,1,,,0,,,0,,,0,,,0
AcolyteDarknessContainer00Buffs_Probs,,100,0,,0,50,,0,,,0,,,0,,,0,,,0
TendrilDarkness00Buffs,AND,0,RandomOffNoElemBuff,BuffBucket,1,RandomDefensiveBuffNoResist,BuffBucket,1,,,0,ChampionEliteBaseBuffs,BuffBucket,1,,,0,,,0
TendrilDarkness00Buffs_Probs,,0,0,,0,0,,0,,,0,0,,0,,,0,,,0
SwarmerDarkness00Buffs,AND,0,AI_SelfDestruct_Buff,StatusEffect,1,AI_Damage_Buff,StatusEffect,1,,,0,,,0,,,0,,,0
SwarmerDarkness00Buffs_Probs,,0,0,,0,0,,0,,,0,,,0,,,0,,,0
SwarmerDarkness01Buffs,AND,0,AI_Slime_Buff,StatusEffect,1,AI_StaminaDamage_Buff,StatusEffect,1,,,0,,,0,,,0,,,0
SwarmerDarkness01Buffs_Probs,,0,0,,0,0,,0,,,0,,,0,,,0,,,0
SwarmerDarknessContainer00Buffs,OR,0,SwarmerDarkness00Buffs,BuffBucket,1,SwarmerDarkness01Buffs,BuffBucket,1,,,0,,,0,,,0,,,0
SwarmerDarknessContainer00Buffs_Probs,,100,0,,0,50,,0,,,0,,,0,,,0,,,0
CultistDarkness00Buffs,AND,0,AI_ArcaneResist_Buff,BuffBucket,1,RandomUtilityBuff,BuffBucket,1,,,0,ChampionEliteBaseBuffs,BuffBucket,1,,,0,,,0
CultistDarkness00Buffs_Probs,,0,0,,0,0,,0,,,0,0,,0,,,0,,,0
CultistDarkness01Buffs,AND,0,AI_Armor_Buff,BuffBucket,1,RandomUtilityBuff,BuffBucket,1,,,0,ChampionEliteBaseBuffs,BuffBucket,1,,,0,,,0
CultistDarkness01Buffs_Probs,,0,0,,0,0,,0,,,0,0,,0,,,0,,,0
CultistDarknessContainer00Buffs,OR,0,CultistDarkness00Buffs,BuffBucket,1,CultistDarkness01Buffs,BuffBucket,1,,,0,,,0,,,0,,,0
CultistDarknessContainer00Buffs_Probs,,100,0,,0,50,,0,,,0,,,0,,,0,,,0
ElkDarkness00Buffs,AND,0,AI_RotatingBeam_Buff,StatusEffect,1,,,0,,,0,,,0,,,0,,,0
ElkDarkness00Buffs_Probs,,0,,,0,,,0,,,0,,,0,,,0,,,0
OgreDarkness00Buffs,AND,0,RandomOffNoElemBuff,BuffBucket,1,RandomUtilityBuff,BuffBucket,1,,,0,ChampionEliteBaseBuffs,BuffBucket,1,,,0,,,0
OgreDarkness00Buffs_Probs,,0,0,,0,0,,0,,,0,0,,0,,,0,,,0
AIFireDamageBuff,AND,0,AI_FireDamage_Buff,StatusEffect,1,,,0,,,0,,,0,,,0,,,0
AIFireDamageBuff_Probs,,0,0,,0,,,0,,,0,,,0,,,0,,,0
AICorruptionDamageBuff,AND,0,AI_CorruptionDamage_Buff,StatusEffect,1,,,0,,,0,,,0,,,0,,,0
AICorruptionDamageBuff_Probs,,0,0,,0,,,0,,,0,,,0,,,0,,,0
AILightningDamageBuff,AND,0,AI_LightningDamage_Buff,StatusEffect,1,,,0,,,0,,,0,,,0,,,0
AILightningDamageBuff_Probs,,0,0,,0,,,0,,,0,,,0,,,0,,,0
AIMagicDamageBuff,AND,0,AI_ArcaneDamage_Buff,StatusEffect,1,,,0,,,0,,,0,,,0,,,0
AIMagicDamageBuff_Probs,,0,0,,0,,,0,,,0,,,0,,,0,,,0
AINatureDamageBuff,AND,0,AI_NatureDamage_Buff,StatusEffect,1,,,0,,,0,,,0,,,0,,,0
AINatureDamageBuff_Probs,,0,0,,0,,,0,,,0,,,0,,,0,,,0
AIIceDamageBuff,AND,0,AI_IceDamage_Buff,StatusEffect,1,,,0,,,0,,,0,,,0,,,0
AIIceDamageBuff_Probs,,0,0,,0,,,0,,,0,,,0,,,0,,,0
AIDamageBuff,AND,0,AI_Damage_Buff,StatusEffect,1,,,0,,,0,,,0,,,0,,,0
AIDamageBuff_Probs,,0,0,,0,,,0,,,0,,,0,,,0,,,0
AIStaminaDamageBuff,AND,0,AI_StaminaDamage_Buff,StatusEffect,1,,,0,,,0,,,0,,,0,,,0
AIStaminaDamageBuff_Probs,,0,0,,0,,,0,,,0,,,0,,,0,,,0
AIHealthBuff,AND,0,AI_Health_Buff,StatusEffect,1,,,0,,,0,,,0,,,0,,,0
AIHealthBuff_Probs,,0,0,,0,,,0,,,0,,,0,,,0,,,0
AIArmorBuff,AND,0,AI_Armor_Buff,StatusEffect,1,,,0,,,0,,,0,,,0,,,0
AIArmorBuff_Probs,,0,0,,0,,,0,,,0,,,0,,,0,,,0
AIFireResistBuff,AND,0,AI_FireResist_Buff,StatusEffect,1,,,0,,,0,,,0,,,0,,,0
AIFireResistBuff_Probs,,0,0,,0,,,0,,,0,,,0,,,0,,,0
AIVoidResistBuff,AND,0,AI_VoidResist_Buff,StatusEffect,1,,,0,,,0,,,0,,,0,,,0
AIVoidResistBuff_Probs,,0,0,,0,,,0,,,0,,,0,,,0,,,0
AILightningResistBuff,AND,0,AI_LightningResist_Buff,StatusEffect,1,,,0,,,0,,,0,,,0,,,0
AILightningResistBuff_Probs,,0,0,,0,,,0,,,0,,,0,,,0,,,0
AIMagicResistBuff,AND,0,AI_ArcaneResist_Buff,StatusEffect,1,,,0,,,0,,,0,,,0,,,0
AIMagicResistBuff_Probs,,0,0,,0,,,0,,,0,,,0,,,0,,,0
AINatureResistBuff,AND,0,AI_NatureResist_Buff,StatusEffect,1,,,0,,,0,,,0,,,0,,,0
AINatureResistBuff_Probs,,0,0,,0,,,0,,,0,,,0,,,0,,,0
AIIceResistBuff,AND,0,AI_IceResist_Buff,StatusEffect,1,,,0,,,0,,,0,,,0,,,0
AIIceResistBuff_Probs,,0,0,,0,,,0,,,0,,,0,,,0,,,0
AIColdAuraBuff,AND,0,AI_ColdAura_Buff,StatusEffect,1,,,0,,,0,,,0,,,0,,,0
AIColdAuraBuff_Probs,,0,0,,0,,,0,,,0,,,0,,,0,,,0
AISelfDestructBuff,AND,0,AI_SelfDestruct_Buff,StatusEffect,1,,,0,,,0,,,0,,,0,,,0
AISelfDestructBuff_Probs,,0,0,,0,,,0,,,0,,,0,,,0,,,0
AISelfDestructCorruptionBuff,AND,0,AI_SelfDestruct_Corruption_Buff,StatusEffect,1,,,0,,,0,,,0,,,0,,,0
AISelfDestructCorruptionBuff_Probs,,0,0,,0,,,0,,,0,,,0,,,0,,,0
AICorruptionPoolBuff,AND,0,AI_Corruption_Pool_Buff,StatusEffect,1,,,0,,,0,,,0,,,0,,,0
AICorruptionPoolBuff_Probs,,0,0,,0,,,0,,,0,,,0,,,0,,,0
AISlimeBuff,AND,0,AI_Slime_Buff,StatusEffect,1,,,0,,,0,,,0,,,0,,,0
AISlimeBuff_Probs,,0,0,,0,,,0,,,0,,,0,,,0,,,0
AIRotatingBeamBuff,AND,0,AI_RotatingBeam_Buff,StatusEffect,1,,,0,,,0,,,0,,,0,,,0
AIRotatingBeamBuff_Probs,,0,0,,0,,,0,,,0,,,0,,,0,,,0
AIPoisonOnHitBuff,AND,0,AI_PoisonOnHit_Buff,StatusEffect,1,,,0,,,0,,,0,,,0,,,0
AIPoisonOnHitBuff_Probs,,0,0,,0,,,0,,,0,,,0,,,0,,,0
AIProjectileShieldBuff,AND,0,AI_ProjectileShield_Buff,StatusEffect,1,,,0,,,0,,,0,,,0,,,0
AIProjectileShieldBuff_Probs,,0,0,,0,,,0,,,0,,,0,,,0,,,0
ChampAIFireDamageBuff,AND,0,AI_FireDamage_Buff,StatusEffect,1,ChampionEliteBaseBuffs,BuffBucket,1,,,0,,,0,,,0,,,0
ChampAIFireDamageBuff_Probs,,0,0,,0,0,,0,,,0,,,0,,,0,,,0
ChampAICorruptionDamageBuff,AND,0,AI_CorruptionDamage_Buff,StatusEffect,1,ChampionEliteBaseBuffs,BuffBucket,1,,,0,,,0,,,0,,,0
ChampAICorruptionDamageBuff_Probs,,0,0,,0,0,,0,,,0,,,0,,,0,,,0
ChampAILightningDamageBuff,AND,0,AI_LightningDamage_Buff,StatusEffect,1,ChampionEliteBaseBuffs,BuffBucket,1,,,0,,,0,,,0,,,0
ChampAILightningDamageBuff_Probs,,0,0,,0,0,,0,,,0,,,0,,,0,,,0
ChampAIMagicDamageBuff,AND,0,AI_ArcaneDamage_Buff,StatusEffect,1,ChampionEliteBaseBuffs,BuffBucket,1,,,0,,,0,,,0,,,0
ChampAIMagicDamageBuff_Probs,,0,0,,0,0,,0,,,0,,,0,,,0,,,0
ChampAIIceDamageBuff,AND,0,AI_IceDamage_Buff,StatusEffect,1,ChampionEliteBaseBuffs,BuffBucket,1,,,0,,,0,,,0,,,0
ChampAIIceDamageBuff_Probs,,0,0,,0,0,,0,,,0,,,0,,,0,,,0
ChampAIDamageBuff,AND,0,AI_Damage_Buff,StatusEffect,1,ChampionEliteBaseBuffs,BuffBucket,1,,,0,,,0,,,0,,,0
ChampAIDamageBuff_Probs,,0,0,,0,0,,0,,,0,,,0,,,0,,,0
ChampAIStaminaDamageBuff,AND,0,AI_StaminaDamage_Buff,StatusEffect,1,ChampionEliteBaseBuffs,BuffBucket,1,,,0,,,0,,,0,,,0
ChampAIStaminaDamageBuff_Probs,,0,0,,0,0,,0,,,0,,,0,,,0,,,0
ChampAIHealthBuff,AND,0,AI_Health_Buff,StatusEffect,1,ChampionEliteBaseBuffs,BuffBucket,1,,,0,,,0,,,0,,,0
ChampAIHealthBuff_Probs,,0,0,,0,0,,0,,,0,,,0,,,0,,,0
ChampAIArmorBuff,AND,0,AI_Armor_Buff,StatusEffect,1,ChampionEliteBaseBuffs,BuffBucket,1,,,0,,,0,,,0,,,0
ChampAIArmorBuff_Probs,,0,0,,0,0,,0,,,0,,,0,,,0,,,0
ChampAIFireResistBuff,AND,0,AI_FireResist_Buff,StatusEffect,1,ChampionEliteBaseBuffs,BuffBucket,1,,,0,,,0,,,0,,,0
ChampAIFireResistBuff_Probs,,0,0,,0,0,,0,,,0,,,0,,,0,,,0
ChampAIVoidResistBuff,AND,0,AI_VoidResist_Buff,StatusEffect,1,ChampionEliteBaseBuffs,BuffBucket,1,,,0,,,0,,,0,,,0
ChampAIVoidResistBuff_Probs,,0,0,,0,0,,0,,,0,,,0,,,0,,,0
ChampAILightningResistBuff,AND,0,AI_LightningResist_Buff,StatusEffect,1,ChampionEliteBaseBuffs,BuffBucket,1,,,0,,,0,,,0,,,0
ChampAILightningResistBuff_Probs,,0,0,,0,0,,0,,,0,,,0,,,0,,,0
ChampAIMagicResistBuff,AND,0,AI_ArcaneResist_Buff,StatusEffect,1,ChampionEliteBaseBuffs,BuffBucket,1,,,0,,,0,,,0,,,0
ChampAIMagicResistBuff_Probs,,0,0,,0,0,,0,,,0,,,0,,,0,,,0
ChampAIIceResistBuff,AND,0,AI_IceResist_Buff,StatusEffect,1,ChampionEliteBaseBuffs,BuffBucket,1,,,0,,,0,,,0,,,0
ChampAIIceResistBuff_Probs,,0,0,,0,0,,0,,,0,,,0,,,0,,,0
ChampAIColdAuraBuff,AND,0,AI_ColdAura_Buff,StatusEffect,1,ChampionEliteBaseBuffs,BuffBucket,1,,,0,,,0,,,0,,,0
ChampAIColdAuraBuff_Probs,,0,0,,0,0,,0,,,0,,,0,,,0,,,0
ChampAISelfDestructBuff,AND,0,AI_SelfDestruct_Buff,StatusEffect,1,ChampionEliteBaseBuffs,BuffBucket,1,,,0,,,0,,,0,,,0
ChampAISelfDestructBuff_Probs,,0,0,,0,0,,0,,,0,,,0,,,0,,,0
ChampAISelfDestructCorruptionBuff,AND,0,AI_SelfDestruct_Corruption_Buff,StatusEffect,1,ChampionEliteBaseBuffs,BuffBucket,1,,,0,,,0,,,0,,,0
ChampAISelfDestructCorruptionBuff_Probs,,0,0,,0,0,,0,,,0,,,0,,,0,,,0
ChampAICorruptionPoolBuff,AND,0,AI_Corruption_Pool_Buff,StatusEffect,1,ChampionEliteBaseBuffs,BuffBucket,1,,,0,,,0,,,0,,,0
ChampAICorruptionPoolBuff_Probs,,0,0,,0,0,,0,,,0,,,0,,,0,,,0
ChampAISlimeBuff,AND,0,AI_Slime_Buff,StatusEffect,1,ChampionEliteBaseBuffs,BuffBucket,1,,,0,,,0,,,0,,,0
ChampAISlimeBuff_Probs,,0,0,,0,0,,0,,,0,,,0,,,0,,,0
ChampAIRotatingBeamBuff,AND,0,AI_RotatingBeam_Buff,StatusEffect,1,ChampionEliteBaseBuffs,BuffBucket,1,,,0,,,0,,,0,,,0
ChampAIRotatingBeamBuff_Probs,,0,0,,0,0,,0,,,0,,,0,,,0,,,0
ChampAIPoisonOnHitBuff,AND,0,AI_PoisonOnHit_Buff,StatusEffect,1,ChampionEliteBaseBuffs,BuffBucket,1,,,0,,,0,,,0,,,0
ChampAIPoisonOnHitBuff_Probs,,0,0,,0,0,,0,,,0,,,0,,,0,,,0
ChampComboFireDestructBuff,AND,0,AI_FireDamage_Buff,StatusEffect,1,AI_SelfDestruct_Buff,StatusEffect,1,ChampionEliteBaseBuffs,BuffBucket,1,,,0,,,0,,,0
ChampComboFireDestructBuff_Probs,,0,0,,0,0,,0,0,,0,,,0,,,0,,,0
ChampComboCorruptionDestructBuff,AND,0,AI_CorruptionDamage_Buff,StatusEffect,1,AI_SelfDestruct_Corruption_Buff,StatusEffect,1,ChampionEliteBaseBuffs,BuffBucket,1,,,0,,,0,,,0
ChampComboCorruptionDestructBuff_Probs,,0,0,,0,0,,0,0,,0,,,0,,,0,,,0
ChampComboLightningBuff,AND,0,AI_LightningDamage_Buff,StatusEffect,1,AI_LightningResist_Buff,StatusEffect,1,ChampionEliteBaseBuffs,BuffBucket,1,,,0,,,0,,,0
ChampComboLightningBuff_Probs,,0,0,,0,0,,0,0,,0,,,0,,,0,,,0
ChampComboMagicBuff,AND,0,AI_ArcaneDamage_Buff,StatusEffect,1,AI_ArcaneResist_Buff,StatusEffect,1,ChampionEliteBaseBuffs,BuffBucket,1,,,0,,,0,,,0
ChampComboMagicBuff_Probs,,0,0,,0,0,,0,0,,0,,,0,,,0,,,0
ChampComboFireBuff,AND,0,AI_FireDamage_Buff,StatusEffect,1,AI_FireResist_Buff,StatusEffect,1,ChampionEliteBaseBuffs,BuffBucket,1,,,0,,,0,,,0
ChampComboFireBuff_Probs,,0,0,,0,0,,0,0,,0,,,0,,,0,,,0
ChampComboDamageArmorBuff,AND,0,AI_Damage_Buff,StatusEffect,1,AI_Armor_Buff,StatusEffect,1,ChampionEliteBaseBuffs,BuffBucket,1,,,0,,,0,,,0
ChampComboDamageArmorBuff_Probs,,0,0,,0,0,,0,0,,0,,,0,,,0,,,0
ChampComboHealthArmorBuff,AND,0,AI_Health_Buff,StatusEffect,1,AI_Armor_Buff,StatusEffect,1,ChampionEliteBaseBuffs,BuffBucket,1,,,0,,,0,,,0
ChampComboHealthArmorBuff_Probs,,0,0,,0,0,,0,0,,0,,,0,,,0,,,0
ChampComboLightningBeamBuff,AND,0,AI_LightningDamage_Buff,StatusEffect,1,AI_RotatingBeam_Buff,StatusEffect,1,ChampionEliteBaseBuffs,BuffBucket,1,,,0,,,0,,,0
ChampComboLightningBeamBuff_Probs,,0,0,,0,0,,0,0,,0,,,0,,,0,,,0
DungeonFireDamageBuff,AND,0,AI_FireDamage_Buff,StatusEffect,1,PromSoloEltBuff,BuffBucket,1,,,0,,,0,,,0,,,0
DungeonFireDamageBuff_Probs,,0,0,,0,0,,0,,,0,,,0,,,0,,,0
DungeonCorruptionDamageBuff,AND,0,AI_CorruptionDamage_Buff,StatusEffect,1,PromSoloEltBuff,BuffBucket,1,,,0,,,0,,,0,,,0
DungeonCorruptionDamageBuff_Probs,,0,0,,0,0,,0,,,0,,,0,,,0,,,0
DungeonLightningDamageBuff,AND,0,AI_LightningDamage_Buff,StatusEffect,1,PromSoloEltBuff,BuffBucket,1,,,0,,,0,,,0,,,0
DungeonLightningDamageBuff_Probs,,0,0,,0,0,,0,,,0,,,0,,,0,,,0
DungeonArcaneDamageBuff,AND,0,AI_ArcaneDamage_Buff,StatusEffect,1,PromSoloEltBuff,BuffBucket,1,,,0,,,0,,,0,,,0
DungeonArcaneDamageBuff_Probs,,0,0,,0,0,,0,,,0,,,0,,,0,,,0
DungeonIceDamageBuff,AND,0,AI_IceDamage_Buff,StatusEffect,1,PromSoloEltBuff,BuffBucket,1,,,0,,,0,,,0,,,0
DungeonIceDamageBuff_Probs,,0,0,,0,0,,0,,,0,,,0,,,0,,,0
DungeonDamageBuff,AND,0,AI_Damage_Buff,StatusEffect,1,PromSoloEltBuff,BuffBucket,1,,,0,,,0,,,0,,,0
DungeonDamageBuff_Probs,,0,0,,0,0,,0,,,0,,,0,,,0,,,0
DungeonStaminaDamageBuff,AND,0,AI_StaminaDamage_Buff,StatusEffect,1,PromSoloEltBuff,BuffBucket,1,,,0,,,0,,,0,,,0
DungeonStaminaDamageBuff_Probs,,0,0,,0,0,,0,,,0,,,0,,,0,,,0
DungeonHealthBuff,AND,0,AI_Health_2_Buff,StatusEffect,1,PromSoloEltBuff,BuffBucket,1,,,0,,,0,,,0,,,0
DungeonHealthBuff_Probs,,0,0,,0,0,,0,,,0,,,0,,,0,,,0
DungeonArmorBuff,AND,0,AI_Armor_Buff,StatusEffect,1,PromSoloEltBuff,BuffBucket,1,,,0,,,0,,,0,,,0
DungeonArmorBuff_Probs,,0,0,,0,0,,0,,,0,,,0,,,0,,,0
DungeonFireResistBuff,AND,0,AI_FireResist_Buff,StatusEffect,1,PromSoloEltBuff,BuffBucket,1,,,0,,,0,,,0,,,0
DungeonFireResistBuff_Probs,,0,0,,0,0,,0,,,0,,,0,,,0,,,0
DungeonVoidResistBuff,AND,0,AI_VoidResist_Buff,StatusEffect,1,PromSoloEltBuff,BuffBucket,1,,,0,,,0,,,0,,,0
DungeonVoidResistBuff_Probs,,0,0,,0,0,,0,,,0,,,0,,,0,,,0
DungeonLightningResistBuff,AND,0,AI_LightningResist_Buff,StatusEffect,1,PromSoloEltBuff,BuffBucket,1,,,0,,,0,,,0,,,0
DungeonLightningResistBuff_Probs,,0,0,,0,0,,0,,,0,,,0,,,0,,,0
DungeonArcaneResistBuff,AND,0,AI_ArcaneResist_Buff,StatusEffect,1,PromSoloEltBuff,BuffBucket,1,,,0,,,0,,,0,,,0
DungeonArcaneResistBuff_Probs,,0,0,,0,0,,0,,,0,,,0,,,0,,,0
DungeonIceResistBuff,AND,0,AI_IceResist_Buff,StatusEffect,1,PromSoloEltBuff,BuffBucket,1,,,0,,,0,,,0,,,0
DungeonIceResistBuff_Probs,,0,0,,0,0,,0,,,0,,,0,,,0,,,0
DungeonColdAuraBuff,AND,0,AI_ColdAura_Buff,StatusEffect,1,PromSoloEltBuff,BuffBucket,1,,,0,,,0,,,0,,,0
DungeonColdAuraBuff_Probs,,0,0,,0,0,,0,,,0,,,0,,,0,,,0
DungeonSelfDestructBuff,AND,0,AI_SelfDestruct_Buff,StatusEffect,1,PromSoloEltBuff,BuffBucket,1,,,0,,,0,,,0,,,0
DungeonSelfDestructBuff_Probs,,0,0,,0,0,,0,,,0,,,0,,,0,,,0
DungeonSelfDestructCorruptionBuff,AND,0,AI_SelfDestruct_Corruption_Buff,StatusEffect,1,PromSoloEltBuff,BuffBucket,1,,,0,,,0,,,0,,,0
DungeonSelfDestructCorruptionBuff_Probs,,0,0,,0,0,,0,,,0,,,0,,,0,,,0
DungeonCorruptionPoolBuff,AND,0,AI_Corruption_Pool_Buff,StatusEffect,1,PromSoloEltBuff,BuffBucket,1,,,0,,,0,,,0,,,0
DungeonCorruptionPoolBuff_Probs,,0,0,,0,0,,0,,,0,,,0,,,0,,,0
DungeonSlimeBuff,AND,0,AI_Slime_Buff,StatusEffect,1,PromSoloEltBuff,BuffBucket,1,,,0,,,0,,,0,,,0
DungeonSlimeBuff_Probs,,0,0,,0,0,,0,,,0,,,0,,,0,,,0
DungeonRotatingBeamBuff,AND,0,AI_RotatingBeam_Buff,StatusEffect,1,PromSoloEltBuff,BuffBucket,1,,,0,,,0,,,0,,,0
DungeonRotatingBeamBuff_Probs,,0,0,,0,0,,0,,,0,,,0,,,0,,,0
Elemental Mutators - Hellfire,,0,,,0,,,0,,,0,,,0,,,0,,,0
Mutation_Hellfire_DungeonMinus_Tier1,AND,0,Mut_Fir_Damage_Buff,StatusEffect,1,Mut_Fir_Resist_1_Buff,StatusEffect,1,Mutation_Hellfire_DungeonMinus_Tier1_Death,BuffBucket,1,PromSoloEltBuff,BuffBucket,1,,,0,,,0
Mutation_Hellfire_DungeonMinus_Tier1_Probs,,0,0,,0,0,,0,0,,0,0,,0,,,0,,,0
Mutation_Hellfire_DungeonMinus_Tier1_Death,AND,0,Mut_Fir_Death_Buff,StatusEffect,1,,,0,,,0,,,0,,,0,,,0
Mutation_Hellfire_DungeonMinus_Tier1_Death_Probs,,100,80,,0,,,0,,,0,,,0,,,0,,,0
Mutation_Hellfire_Dungeon_Tier1,AND,0,Mut_Fir_Resist_1_Buff,StatusEffect,1,Mut_Fir_Damage_Buff,StatusEffect,1,Mut_Fir_Burn_1_Buff,StatusEffect,1,PromSoloEltBuff,BuffBucket,1,,,0,,,0
Mutation_Hellfire_Dungeon_Tier1_Probs,,0,0,,0,0,,0,0,,0,0,,0,,,0,,,0
Mutation_Hellfire_DungeonPlus_Tier1,AND,0,Mut_Fir_Resist_1_Buff,StatusEffect,1,Mut_Fir_Damage_Buff,StatusEffect,1,Mut_Fir_Burn_1_Buff,StatusEffect,1,Mut_Fir_AOE_1_Buff,StatusEffect,1,PromSoloEltBuff,BuffBucket,1,,,0
Mutation_Hellfire_DungeonPlus_Tier1_Probs,,0,0,,0,0,,0,0,,0,0,,0,0,,0,,,0
Mutation_Hellfire_DungeonMinus_Tier2,AND,0,Mut_Fir_Damage_Buff,StatusEffect,1,Mut_Fir_Resist_1_Buff,StatusEffect,1,Mutation_Hellfire_DungeonMinus_Tier2_Death,BuffBucket,1,PromSoloEltBuff,BuffBucket,1,,,0,,,0
Mutation_Hellfire_DungeonMinus_Tier2_Probs,,0,0,,0,0,,0,0,,0,0,,0,,,0,,,0
Mutation_Hellfire_DungeonMinus_Tier2_Death,AND,0,Mut_Fir_Death_Buff,StatusEffect,1,,,0,,,0,,,0,,,0,,,0
Mutation_Hellfire_DungeonMinus_Tier2_Death_Probs,,100,60,,0,,,0,,,0,,,0,,,0,,,0
Mutation_Hellfire_Dungeon_Tier2,AND,0,Mut_Fir_Resist_1_Buff,StatusEffect,1,Mut_Fir_Damage_Buff,StatusEffect,1,Mut_Fir_Burn_1_Buff,StatusEffect,1,Promotion1,Promotion,1,PromSoloEltBuff,BuffBucket,1,,,0
Mutation_Hellfire_Dungeon_Tier2_Probs,,0,0,,0,0,,0,0,,0,0,,0,0,,0,,,0
Mutation_Hellfire_DungeonPlus_Tier2,AND,0,Mut_Fir_Resist_2_Buff,StatusEffect,1,Mut_Fir_Damage_Buff,StatusEffect,1,Mutation_Hellfire_DungeonPlus_Tier2_Promo,BuffBucket,1,PromSoloEltBuff,BuffBucket,1,,,0,,,0
Mutation_Hellfire_DungeonPlus_Tier2_Probs,,0,0,,0,0,,0,0,,0,0,,0,,,0,,,0
Mutation_Hellfire_DungeonPlus_Tier2_Promo,OR,0,Mutation_Hellfire_DungeonPlus_Tier2_Promo1,BuffBucket,1,Mutation_Hellfire_DungeonPlus_Tier2_Promo2,BuffBucket,1,,,0,,,0,,,0,,,0
Mutation_Hellfire_DungeonPlus_Tier2_Promo_Probs,,100,0,,0,50,,0,,,0,,,0,,,0,,,0
Mutation_Hellfire_DungeonPlus_Tier2_Promo1,AND,0,Mut_Fir_Burn_2_Buff,StatusEffect,1,Mut_Fir_AOE_2_Buff,StatusEffect,1,Promotion2,Promotion,1,,,0,,,0,,,0
Mutation_Hellfire_DungeonPlus_Tier2_Promo1_Probs,,0,0,,0,0,,0,0,,0,,,0,,,0,,,0
Mutation_Hellfire_DungeonPlus_Tier2_Promo2,AND,0,Mut_Fir_AOE_2_Buff,StatusEffect,1,Promotion2,Promotion,1,Promotion3,Promotion,1,,,0,,,0,,,0
Mutation_Hellfire_DungeonPlus_Tier2_Promo2_Probs,,0,0,,0,0,,0,0,,0,,,0,,,0,,,0
Mutation_Hellfire_DungeonMinus_Tier3,AND,0,Mut_Fir_Damage_Buff,StatusEffect,1,Mut_Fir_Resist_1_Buff,StatusEffect,1,Mutation_Hellfire_DungeonMinus_Tier3_Death,BuffBucket,1,PromSoloEltBuff,BuffBucket,1,,,0,,,0
Mutation_Hellfire_DungeonMinus_Tier3_Probs,,0,0,,0,0,,0,0,,0,0,,0,,,0,,,0
Mutation_Hellfire_DungeonMinus_Tier3_Death,AND,0,Mut_Fir_Death_Buff,StatusEffect,1,,,0,,,0,,,0,,,0,,,0
Mutation_Hellfire_DungeonMinus_Tier3_Death_Probs,,100,40,,0,,,0,,,0,,,0,,,0,,,0
Mutation_Hellfire_Dungeon_Tier3,AND,0,Mut_Fir_Resist_2_Buff,StatusEffect,1,Mut_Fir_Damage_Buff,StatusEffect,1,Mut_Fir_Burn_1_Buff,StatusEffect,1,Promotion1,Promotion,1,PromSoloEltBuff,BuffBucket,1,,,0
Mutation_Hellfire_Dungeon_Tier3_Probs,,0,0,,0,0,,0,0,,0,0,,0,0,,0,,,0
Mutation_Hellfire_DungeonPlus_Tier3,AND,0,Mut_Fir_Resist_2_Buff,StatusEffect,1,Mut_Fir_Damage_Buff,StatusEffect,1,Mutation_Hellfire_DungeonPlus_Tier3_Promo,BuffBucket,1,PromSoloEltBuff,BuffBucket,1,,,0,,,0
Mutation_Hellfire_DungeonPlus_Tier3_Probs,,0,0,,0,0,,0,0,,0,0,,0,,,0,,,0
Mutation_Hellfire_DungeonPlus_Tier3_Promo,OR,0,Mutation_Hellfire_DungeonPlus_Tier3_Promo1,BuffBucket,1,Mutation_Hellfire_DungeonPlus_Tier3_Promo2,BuffBucket,1,,,0,,,0,,,0,,,0
Mutation_Hellfire_DungeonPlus_Tier3_Promo_Probs,,100,0,,0,50,,0,,,0,,,0,,,0,,,0
Mutation_Hellfire_DungeonPlus_Tier3_Promo1,AND,0,Mut_Fir_Burn_2_Buff,StatusEffect,1,Mut_Fir_AOE_2_Buff,StatusEffect,1,Promotion2,Promotion,1,,,0,,,0,,,0
Mutation_Hellfire_DungeonPlus_Tier3_Promo1_Probs,,0,0,,0,0,,0,0,,0,,,0,,,0,,,0
Mutation_Hellfire_DungeonPlus_Tier3_Promo2,AND,0,Mut_Fir_AOE_2_Buff,StatusEffect,1,Promotion2,Promotion,1,Promotion3,Promotion,1,,,0,,,0,,,0
Mutation_Hellfire_DungeonPlus_Tier3_Promo2_Probs,,0,0,,0,0,,0,0,,0,,,0,,,0,,,0
Mutation_Hellfire_DungeonMinus_Tier4,AND,0,Mut_Fir_Damage_Buff,StatusEffect,1,Mut_Fir_Resist_1_Buff,StatusEffect,1,Mutation_Hellfire_DungeonMinus_Tier4_Death,BuffBucket,1,PromSoloEltBuff,BuffBucket,1,,,0,,,0
Mutation_Hellfire_DungeonMinus_Tier4_Probs,,0,0,,0,0,,0,0,,0,0,,0,,,0,,,0
Mutation_Hellfire_DungeonMinus_Tier4_Death,AND,0,Mut_Fir_Death_Buff,StatusEffect,1,,,0,,,0,,,0,,,0,,,0
Mutation_Hellfire_DungeonMinus_Tier4_Death_Probs,,100,20,,0,,,0,,,0,,,0,,,0,,,0
Mutation_Hellfire_Dungeon_Tier4,AND,0,Mut_Fir_Resist_2_Buff,StatusEffect,1,Mut_Fir_Damage_Buff,StatusEffect,1,Mut_Fir_Burn_1_Buff,StatusEffect,1,Promotion1,Promotion,1,PromSoloEltBuff,BuffBucket,1,,,0
Mutation_Hellfire_Dungeon_Tier4_Probs,,0,0,,0,0,,0,0,,0,0,,0,0,,0,,,0
Mutation_Hellfire_DungeonPlus_Tier4,AND,0,Mut_Fir_Resist_2_Buff,StatusEffect,1,Mut_Fir_Damage_Buff,StatusEffect,1,Mutation_Hellfire_DungeonPlus_Tier4_Promo,BuffBucket,1,PromSoloEltBuff,BuffBucket,1,,,0,,,0
Mutation_Hellfire_DungeonPlus_Tier4_Probs,,0,0,,0,0,,0,0,,0,0,,0,,,0,,,0
Mutation_Hellfire_DungeonPlus_Tier4_Promo,OR,0,Mutation_Hellfire_DungeonPlus_Tier4_Promo1,BuffBucket,1,Mutation_Hellfire_DungeonPlus_Tier4_Promo2,BuffBucket,1,,,0,,,0,,,0,,,0
Mutation_Hellfire_DungeonPlus_Tier4_Promo_Probs,,100,0,,0,50,,0,,,0,,,0,,,0,,,0
Mutation_Hellfire_DungeonPlus_Tier4_Promo1,AND,0,Mut_Fir_Burn_2_Buff,StatusEffect,1,Mut_Fir_AOE_2_Buff,StatusEffect,1,Promotion2,Promotion,1,,,0,,,0,,,0
Mutation_Hellfire_DungeonPlus_Tier4_Promo1_Probs,,0,0,,0,0,,0,0,,0,,,0,,,0,,,0
Mutation_Hellfire_DungeonPlus_Tier4_Promo2,AND,0,Mut_Fir_AOE_2_Buff,StatusEffect,1,Promotion2,Promotion,1,Promotion3,Promotion,1,,,0,,,0,,,0
Mutation_Hellfire_DungeonPlus_Tier4_Promo2_Probs,,0,0,,0,0,,0,0,,0,,,0,,,0,,,0
Elemental Mutators - Eternal,,0,,,0,,,0,,,0,,,0,,,0,,,0
Mutation_Eternal_DungeonMinus_Tier1,AND,0,Mut_Voi_Damage_Buff,StatusEffect,1,Mut_Voi_Resist_1_Buff,StatusEffect,1,Mutation_Eternal_DungeonMinus_Tier1_Death,BuffBucket,1,PromSoloEltBuff,BuffBucket,1,,,0,,,0
Mutation_Eternal_DungeonMinus_Tier1_Probs,,0,0,,0,0,,0,0,,0,0,,0,,,0,,,0
Mutation_Eternal_DungeonMinus_Tier1_Death,AND,0,Mut_Voi_Death_Buff,StatusEffect,1,,,0,,,0,,,0,,,0,,,0
Mutation_Eternal_DungeonMinus_Tier1_Death_Probs,,100,80,,0,,,0,,,0,,,0,,,0,,,0
Mutation_Eternal_Dungeon_Tier1,AND,0,Mut_Voi_Resist_1_Buff,StatusEffect,1,Mut_Voi_Damage_Buff,StatusEffect,1,Mut_Voi_Leech_1_Buff,StatusEffect,1,PromSoloEltBuff,BuffBucket,1,,,0,,,0
Mutation_Eternal_Dungeon_Tier1_Probs,,0,0,,0,0,,0,0,,0,0,,0,,,0,,,0
Mutation_Eternal_DungeonPlus_Tier1,AND,0,Mut_Voi_Resist_1_Buff,StatusEffect,1,Mut_Voi_Damage_Buff,StatusEffect,1,Mut_Voi_Leech_1_Buff,StatusEffect,1,Mut_Voi_Stacks_1_Buff,StatusEffect,1,PromSoloEltBuff,BuffBucket,1,,,0
Mutation_Eternal_DungeonPlus_Tier1_Probs,,0,0,,0,0,,0,0,,0,0,,0,0,,0,,,0
Mutation_Eternal_DungeonMinus_Tier2,AND,0,Mut_Voi_Damage_Buff,StatusEffect,1,Mut_Voi_Resist_1_Buff,StatusEffect,1,Mutation_Eternal_DungeonMinus_Tier2_Death,BuffBucket,1,PromSoloEltBuff,BuffBucket,1,,,0,,,0
Mutation_Eternal_DungeonMinus_Tier2_Probs,,0,0,,0,0,,0,0,,0,0,,0,,,0,,,0
Mutation_Eternal_DungeonMinus_Tier2_Death,AND,0,Mut_Voi_Death_Buff,StatusEffect,1,,,0,,,0,,,0,,,0,,,0
Mutation_Eternal_DungeonMinus_Tier2_Death_Probs,,100,60,,0,,,0,,,0,,,0,,,0,,,0
Mutation_Eternal_Dungeon_Tier2,AND,0,Mut_Voi_Resist_1_Buff,StatusEffect,1,Mut_Voi_Damage_Buff,StatusEffect,1,Mut_Voi_Leech_1_Buff,StatusEffect,1,Promotion1,Promotion,1,PromSoloEltBuff,BuffBucket,1,,,0
Mutation_Eternal_Dungeon_Tier2_Probs,,0,0,,0,0,,0,0,,0,0,,0,0,,0,,,0
Mutation_Eternal_DungeonPlus_Tier2,AND,0,Mut_Voi_Resist_2_Buff,StatusEffect,1,Mut_Voi_Damage_Buff,StatusEffect,1,Mutation_Eternal_DungeonPlus_Tier2_Promo,BuffBucket,1,PromSoloEltBuff,BuffBucket,1,,,0,,,0
Mutation_Eternal_DungeonPlus_Tier2_Probs,,0,0,,0,0,,0,0,,0,0,,0,,,0,,,0
Mutation_Eternal_DungeonPlus_Tier2_Promo,OR,0,Mutation_Eternal_DungeonPlus_Tier2_Promo1,BuffBucket,1,Mutation_Eternal_DungeonPlus_Tier2_Promo2,BuffBucket,1,,,0,,,0,,,0,,,0
Mutation_Eternal_DungeonPlus_Tier2_Promo_Probs,,100,0,,0,50,,0,,,0,,,0,,,0,,,0
Mutation_Eternal_DungeonPlus_Tier2_Promo1,AND,0,Mut_Voi_Leech_2_Buff,StatusEffect,1,Mut_Voi_Stacks_2_Buff,StatusEffect,1,Promotion2,Promotion,1,,,0,,,0,,,0
Mutation_Eternal_DungeonPlus_Tier2_Promo1_Probs,,0,0,,0,0,,0,0,,0,,,0,,,0,,,0
Mutation_Eternal_DungeonPlus_Tier2_Promo2,AND,0,Mut_Voi_Stacks_2_Buff,StatusEffect,1,Promotion2,Promotion,1,Promotion3,Promotion,1,,,0,,,0,,,0
Mutation_Eternal_DungeonPlus_Tier2_Promo2_Probs,,0,0,,0,0,,0,0,,0,,,0,,,0,,,0
Mutation_Eternal_DungeonMinus_Tier3,AND,0,Mut_Voi_Damage_Buff,StatusEffect,1,Mut_Voi_Resist_1_Buff,StatusEffect,1,Mutation_Eternal_DungeonMinus_Tier3_Death,BuffBucket,1,PromSoloEltBuff,BuffBucket,1,,,0,,,0
Mutation_Eternal_DungeonMinus_Tier3_Probs,,0,0,,0,0,,0,0,,0,0,,0,,,0,,,0
Mutation_Eternal_DungeonMinus_Tier3_Death,AND,0,Mut_Voi_Death_Buff,StatusEffect,1,,,0,,,0,,,0,,,0,,,0
Mutation_Eternal_DungeonMinus_Tier3_Death_Probs,,100,40,,0,,,0,,,0,,,0,,,0,,,0
Mutation_Eternal_Dungeon_Tier3,AND,0,Mut_Voi_Resist_2_Buff,StatusEffect,1,Mut_Voi_Damage_Buff,StatusEffect,1,Mut_Voi_Leech_1_Buff,StatusEffect,1,Promotion1,Promotion,1,PromSoloEltBuff,BuffBucket,1,,,0
Mutation_Eternal_Dungeon_Tier3_Probs,,0,0,,0,0,,0,0,,0,0,,0,0,,0,,,0
Mutation_Eternal_DungeonPlus_Tier3,AND,0,Mut_Voi_Resist_2_Buff,StatusEffect,1,Mut_Voi_Damage_Buff,StatusEffect,1,Mutation_Eternal_DungeonPlus_Tier3_Promo,BuffBucket,1,PromSoloEltBuff,BuffBucket,1,,,0,,,0
Mutation_Eternal_DungeonPlus_Tier3_Probs,,0,0,,0,0,,0,0,,0,0,,0,,,0,,,0
Mutation_Eternal_DungeonPlus_Tier3_Promo,OR,0,Mutation_Eternal_DungeonPlus_Tier3_Promo1,BuffBucket,1,Mutation_Eternal_DungeonPlus_Tier3_Promo2,BuffBucket,1,,,0,,,0,,,0,,,0
Mutation_Eternal_DungeonPlus_Tier3_Promo_Probs,,100,0,,0,50,,0,,,0,,,0,,,0,,,0
Mutation_Eternal_DungeonPlus_Tier3_Promo1,AND,0,Mut_Voi_Leech_2_Buff,StatusEffect,1,Mut_Voi_Stacks_2_Buff,StatusEffect,1,Promotion2,Promotion,1,,,0,,,0,,,0
Mutation_Eternal_DungeonPlus_Tier3_Promo1_Probs,,0,0,,0,0,,0,0,,0,,,0,,,0,,,0
Mutation_Eternal_DungeonPlus_Tier3_Promo2,AND,0,Mut_Voi_Stacks_2_Buff,StatusEffect,1,Promotion2,Promotion,1,Promotion3,Promotion,1,,,0,,,0,,,0
Mutation_Eternal_DungeonPlus_Tier3_Promo2_Probs,,0,0,,0,0,,0,0,,0,,,0,,,0,,,0
Mutation_Eternal_DungeonMinus_Tier4,AND,0,Mut_Voi_Damage_Buff,StatusEffect,1,Mut_Voi_Resist_1_Buff,StatusEffect,1,Mutation_Eternal_DungeonMinus_Tier4_Death,BuffBucket,1,PromSoloEltBuff,BuffBucket,1,,,0,,,0
Mutation_Eternal_DungeonMinus_Tier4_Probs,,0,0,,0,0,,0,0,,0,0,,0,,,0,,,0
Mutation_Eternal_DungeonMinus_Tier4_Death,AND,0,Mut_Voi_Death_Buff,StatusEffect,1,,,0,,,0,,,0,,,0,,,0
Mutation_Eternal_DungeonMinus_Tier4_Death_Probs,,100,20,,0,,,0,,,0,,,0,,,0,,,0
Mutation_Eternal_Dungeon_Tier4,AND,0,Mut_Voi_Resist_2_Buff,StatusEffect,1,Mut_Voi_Damage_Buff,StatusEffect,1,Mut_Voi_Leech_1_Buff,StatusEffect,1,Promotion1,Promotion,1,PromSoloEltBuff,BuffBucket,1,,,0
Mutation_Eternal_Dungeon_Tier4_Probs,,0,0,,0,0,,0,0,,0,0,,0,0,,0,,,0
Mutation_Eternal_DungeonPlus_Tier4,AND,0,Mut_Voi_Resist_2_Buff,StatusEffect,1,Mut_Voi_Damage_Buff,StatusEffect,1,Mutation_Eternal_DungeonPlus_Tier4_Promo,BuffBucket,1,PromSoloEltBuff,BuffBucket,1,,,0,,,0
Mutation_Eternal_DungeonPlus_Tier4_Probs,,0,0,,0,0,,0,0,,0,0,,0,,,0,,,0
Mutation_Eternal_DungeonPlus_Tier4_Promo,OR,0,Mutation_Eternal_DungeonPlus_Tier4_Promo1,BuffBucket,1,Mutation_Eternal_DungeonPlus_Tier4_Promo2,BuffBucket,1,,,0,,,0,,,0,,,0
Mutation_Eternal_DungeonPlus_Tier4_Promo_Probs,,100,0,,0,50,,0,,,0,,,0,,,0,,,0
Mutation_Eternal_DungeonPlus_Tier4_Promo1,AND,0,Mut_Voi_Leech_2_Buff,StatusEffect,1,Mut_Voi_Stacks_2_Buff,StatusEffect,1,Promotion2,Promotion,1,,,0,,,0,,,0
Mutation_Eternal_DungeonPlus_Tier4_Promo1_Probs,,0,0,,0,0,,0,0,,0,,,0,,,0,,,0
Mutation_Eternal_DungeonPlus_Tier4_Promo2,AND,0,Mut_Voi_Stacks_2_Buff,StatusEffect,1,Promotion2,Promotion,1,Promotion3,Promotion,1,,,0,,,0,,,0
Mutation_Eternal_DungeonPlus_Tier4_Promo2_Probs,,0,0,,0,0,,0,0,,0,,,0,,,0,,,0
Elemental Mutators - Overgrown,,0,,,0,,,0,,,0,,,0,,,0,,,0
Mutation_Overgrown_DungeonMinus_Tier1,AND,0,Mut_Nat_Damage_Buff,StatusEffect,1,Mut_Nat_Resist_1_Buff,StatusEffect,1,Mutation_Overgrown_DungeonMinus_Tier1_Death,BuffBucket,1,PromSoloEltBuff,BuffBucket,1,,,0,,,0
Mutation_Overgrown_DungeonMinus_Tier1_Probs,,0,0,,0,0,,0,0,,0,0,,0,,,0,,,0
Mutation_Overgrown_DungeonMinus_Tier1_Death,AND,0,Mut_Nat_Death_Buff,StatusEffect,1,,,0,,,0,,,0,,,0,,,0
Mutation_Overgrown_DungeonMinus_Tier1_Death_Probs,,100,80,,0,,,0,,,0,,,0,,,0,,,0
Mutation_Overgrown_Dungeon_Tier1,AND,0,Mut_Nat_Resist_1_Buff,StatusEffect,1,Mut_Nat_Damage_Buff,StatusEffect,1,Mut_Nat_Thorns_1_Buff,StatusEffect,1,PromSoloEltBuff,BuffBucket,1,,,0,,,0
Mutation_Overgrown_Dungeon_Tier1_Probs,,0,0,,0,0,,0,0,,0,0,,0,,,0,,,0
Mutation_Overgrown_DungeonPlus_Tier1,AND,0,Mut_Nat_Resist_1_Buff,StatusEffect,1,Mut_Nat_Damage_Buff,StatusEffect,1,Mut_Nat_Thorns_1_Buff,StatusEffect,1,Mut_Nat_Crawler_1_Buff,StatusEffect,1,PromSoloEltBuff,BuffBucket,1,,,0
Mutation_Overgrown_DungeonPlus_Tier1_Probs,,0,0,,0,0,,0,0,,0,0,,0,0,,0,,,0
Mutation_Overgrown_DungeonMinus_Tier2,AND,0,Mut_Nat_Damage_Buff,StatusEffect,1,Mut_Nat_Resist_1_Buff,StatusEffect,1,Mutation_Overgrown_DungeonMinus_Tier2_Death,BuffBucket,1,PromSoloEltBuff,BuffBucket,1,,,0,,,0
Mutation_Overgrown_DungeonMinus_Tier2_Probs,,0,0,,0,0,,0,0,,0,0,,0,,,0,,,0
Mutation_Overgrown_DungeonMinus_Tier2_Death,AND,0,Mut_Nat_Death_Buff,StatusEffect,1,,,0,,,0,,,0,,,0,,,0
Mutation_Overgrown_DungeonMinus_Tier2_Death_Probs,,100,60,,0,,,0,,,0,,,0,,,0,,,0
Mutation_Overgrown_Dungeon_Tier2,AND,0,Mut_Nat_Resist_1_Buff,StatusEffect,1,Mut_Nat_Damage_Buff,StatusEffect,1,Mut_Nat_Thorns_1_Buff,StatusEffect,1,Promotion1,Promotion,1,PromSoloEltBuff,BuffBucket,1,,,0
Mutation_Overgrown_Dungeon_Tier2_Probs,,0,0,,0,0,,0,0,,0,0,,0,0,,0,,,0
Mutation_Overgrown_DungeonPlus_Tier2,AND,0,Mut_Nat_Resist_2_Buff,StatusEffect,1,Mut_Nat_Damage_Buff,StatusEffect,1,Mutation_Overgrown_DungeonPlus_Tier2_Promo,BuffBucket,1,PromSoloEltBuff,BuffBucket,1,,,0,,,0
Mutation_Overgrown_DungeonPlus_Tier2_Probs,,0,0,,0,0,,0,0,,0,0,,0,,,0,,,0
Mutation_Overgrown_DungeonPlus_Tier2_Promo,OR,0,Mutation_Overgrown_DungeonPlus_Tier2_Promo1,BuffBucket,1,Mutation_Overgrown_DungeonPlus_Tier2_Promo2,BuffBucket,1,,,0,,,0,,,0,,,0
Mutation_Overgrown_DungeonPlus_Tier2_Promo_Probs,,100,0,,0,50,,0,,,0,,,0,,,0,,,0
Mutation_Overgrown_DungeonPlus_Tier2_Promo1,AND,0,Mut_Nat_Thorns_2_Buff,StatusEffect,1,Mut_Nat_Crawler_2_Buff,StatusEffect,1,Promotion2,Promotion,1,,,0,,,0,,,0
Mutation_Overgrown_DungeonPlus_Tier2_Promo1_Probs,,0,0,,0,0,,0,0,,0,,,0,,,0,,,0
Mutation_Overgrown_DungeonPlus_Tier2_Promo2,AND,0,Mut_Nat_Crawler_2_Buff,StatusEffect,1,Promotion2,Promotion,1,Promotion3,Promotion,1,,,0,,,0,,,0
Mutation_Overgrown_DungeonPlus_Tier2_Promo2_Probs,,0,0,,0,0,,0,0,,0,,,0,,,0,,,0
Mutation_Overgrown_DungeonMinus_Tier3,AND,0,Mut_Nat_Damage_Buff,StatusEffect,1,Mut_Nat_Resist_1_Buff,StatusEffect,1,Mutation_Overgrown_DungeonMinus_Tier3_Death,BuffBucket,1,PromSoloEltBuff,BuffBucket,1,,,0,,,0
Mutation_Overgrown_DungeonMinus_Tier3_Probs,,0,0,,0,0,,0,0,,0,0,,0,,,0,,,0
Mutation_Overgrown_DungeonMinus_Tier3_Death,AND,0,Mut_Nat_Death_Buff,StatusEffect,1,,,0,,,0,,,0,,,0,,,0
Mutation_Overgrown_DungeonMinus_Tier3_Death_Probs,,100,40,,0,,,0,,,0,,,0,,,0,,,0
Mutation_Overgrown_Dungeon_Tier3,AND,0,Mut_Nat_Resist_2_Buff,StatusEffect,1,Mut_Nat_Damage_Buff,StatusEffect,1,Mut_Nat_Thorns_1_Buff,StatusEffect,1,Promotion1,Promotion,1,PromSoloEltBuff,BuffBucket,1,,,0
Mutation_Overgrown_Dungeon_Tier3_Probs,,0,0,,0,0,,0,0,,0,0,,0,0,,0,,,0
Mutation_Overgrown_DungeonPlus_Tier3,AND,0,Mut_Nat_Resist_2_Buff,StatusEffect,1,Mut_Nat_Damage_Buff,StatusEffect,1,Mutation_Overgrown_DungeonPlus_Tier3_Promo,BuffBucket,1,PromSoloEltBuff,BuffBucket,1,,,0,,,0
Mutation_Overgrown_DungeonPlus_Tier3_Probs,,0,0,,0,0,,0,0,,0,0,,0,,,0,,,0
Mutation_Overgrown_DungeonPlus_Tier3_Promo,OR,0,Mutation_Overgrown_DungeonPlus_Tier3_Promo1,BuffBucket,1,Mutation_Overgrown_DungeonPlus_Tier3_Promo2,BuffBucket,1,,,0,,,0,,,0,,,0
Mutation_Overgrown_DungeonPlus_Tier3_Promo_Probs,,100,0,,0,50,,0,,,0,,,0,,,0,,,0
Mutation_Overgrown_DungeonPlus_Tier3_Promo1,AND,0,Mut_Nat_Thorns_2_Buff,StatusEffect,1,Mut_Nat_Crawler_2_Buff,StatusEffect,1,Promotion2,Promotion,1,,,0,,,0,,,0
Mutation_Overgrown_DungeonPlus_Tier3_Promo1_Probs,,0,0,,0,0,,0,0,,0,,,0,,,0,,,0
Mutation_Overgrown_DungeonPlus_Tier3_Promo2,AND,0,Mut_Nat_Crawler_2_Buff,StatusEffect,1,Promotion2,Promotion,1,Promotion3,Promotion,1,,,0,,,0,,,0
Mutation_Overgrown_DungeonPlus_Tier3_Promo2_Probs,,0,0,,0,0,,0,0,,0,,,0,,,0,,,0
Mutation_Overgrown_DungeonMinus_Tier4,AND,0,Mut_Nat_Damage_Buff,StatusEffect,1,Mut_Nat_Resist_1_Buff,StatusEffect,1,Mutation_Overgrown_DungeonMinus_Tier4_Death,BuffBucket,1,PromSoloEltBuff,BuffBucket,1,,,0,,,0
Mutation_Overgrown_DungeonMinus_Tier4_Probs,,0,0,,0,0,,0,0,,0,0,,0,,,0,,,0
Mutation_Overgrown_DungeonMinus_Tier4_Death,AND,0,Mut_Nat_Death_Buff,StatusEffect,1,,,0,,,0,,,0,,,0,,,0
Mutation_Overgrown_DungeonMinus_Tier4_Death_Probs,,100,20,,0,,,0,,,0,,,0,,,0,,,0
Mutation_Overgrown_Dungeon_Tier4,AND,0,Mut_Nat_Resist_2_Buff,StatusEffect,1,Mut_Nat_Damage_Buff,StatusEffect,1,Mut_Nat_Thorns_1_Buff,StatusEffect,1,Promotion1,Promotion,1,PromSoloEltBuff,BuffBucket,1,,,0
Mutation_Overgrown_Dungeon_Tier4_Probs,,0,0,,0,0,,0,0,,0,0,,0,0,,0,,,0
Mutation_Overgrown_DungeonPlus_Tier4,AND,0,Mut_Nat_Resist_2_Buff,StatusEffect,1,Mut_Nat_Damage_Buff,StatusEffect,1,Mutation_Overgrown_DungeonPlus_Tier4_Promo,BuffBucket,1,PromSoloEltBuff,BuffBucket,1,,,0,,,0
Mutation_Overgrown_DungeonPlus_Tier4_Probs,,0,0,,0,0,,0,0,,0,0,,0,,,0,,,0
Mutation_Overgrown_DungeonPlus_Tier4_Promo,OR,0,Mutation_Overgrown_DungeonPlus_Tier4_Promo1,BuffBucket,1,Mutation_Overgrown_DungeonPlus_Tier4_Promo2,BuffBucket,1,,,0,,,0,,,0,,,0
Mutation_Overgrown_DungeonPlus_Tier4_Promo_Probs,,100,0,,0,50,,0,,,0,,,0,,,0,,,0
Mutation_Overgrown_DungeonPlus_Tier4_Promo1,AND,0,Mut_Nat_Thorns_2_Buff,StatusEffect,1,Mut_Nat_Crawler_2_Buff,StatusEffect,1,Promotion2,Promotion,1,,,0,,,0,,,0
Mutation_Overgrown_DungeonPlus_Tier4_Promo1_Probs,,0,0,,0,0,,0,0,,0,,,0,,,0,,,0
Mutation_Overgrown_DungeonPlus_Tier4_Promo2,AND,0,Mut_Nat_Crawler_2_Buff,StatusEffect,1,Promotion2,Promotion,1,Promotion3,Promotion,1,,,0,,,0,,,0
Mutation_Overgrown_DungeonPlus_Tier4_Promo2_Probs,,0,0,,0,0,,0,0,,0,,,0,,,0,,,0
Elemental Mutators - Icebound,,0,,,0,,,0,,,0,,,0,,,0,,,0
Mutation_Icebound_DungeonMinus_Tier1,AND,0,Mut_Ice_Damage_Buff,StatusEffect,1,Mut_Ice_Resist_1_Buff,StatusEffect,1,Mutation_Icebound_DungeonMinus_Tier1_Death,BuffBucket,1,PromSoloEltBuff,BuffBucket,1,,,0,,,0
Mutation_Icebound_DungeonMinus_Tier1_Probs,,0,0,,0,0,,0,0,,0,0,,0,,,0,,,0
Mutation_Icebound_DungeonMinus_Tier1_Death,AND,0,mut_ice_deathfreeze_buff,StatusEffect,1,,,0,,,0,,,0,,,0,,,0
Mutation_Icebound_DungeonMinus_Tier1_Death_Probs,,100,80,,0,,,0,,,0,,,0,,,0,,,0
Mutation_Icebound_Dungeon_Tier1,AND,0,Mut_Ice_Resist_1_Buff,StatusEffect,1,Mut_Ice_Damage_Buff,StatusEffect,1,Mut_Ice_Slow_1_Buff,StatusEffect,1,PromSoloEltBuff,BuffBucket,1,,,0,,,0
Mutation_Icebound_Dungeon_Tier1_Probs,,0,0,,0,0,,0,0,,0,0,,0,,,0,,,0
Mutation_Icebound_DungeonPlus_Tier1,AND,0,Mut_Ice_Resist_1_Buff,StatusEffect,1,Mut_Ice_Damage_Buff,StatusEffect,1,Mut_Ice_Slow_1_Buff,StatusEffect,1,Mut_Ice_CloseZone_1_Buff,StatusEffect,1,PromSoloEltBuff,BuffBucket,1,,,0
Mutation_Icebound_DungeonPlus_Tier1_Probs,,0,0,,0,0,,0,0,,0,0,,0,0,,0,,,0
Mutation_Icebound_DungeonMinus_Tier2,AND,0,Mut_Ice_Damage_Buff,StatusEffect,1,Mut_Ice_Resist_1_Buff,StatusEffect,1,Mutation_Icebound_DungeonMinus_Tier2_Death,BuffBucket,1,PromSoloEltBuff,BuffBucket,1,,,0,,,0
Mutation_Icebound_DungeonMinus_Tier2_Probs,,0,0,,0,0,,0,0,,0,0,,0,,,0,,,0
Mutation_Icebound_DungeonMinus_Tier2_Death,AND,0,mut_ice_deathfreeze_buff,StatusEffect,1,,,0,,,0,,,0,,,0,,,0
Mutation_Icebound_DungeonMinus_Tier2_Death_Probs,,100,60,,0,,,0,,,0,,,0,,,0,,,0
Mutation_Icebound_Dungeon_Tier2,AND,0,Mut_Ice_Resist_1_Buff,StatusEffect,1,Mut_Ice_Damage_Buff,StatusEffect,1,Mut_Ice_Slow_1_Buff,StatusEffect,1,Promotion1,Promotion,1,PromSoloEltBuff,BuffBucket,1,,,0
Mutation_Icebound_Dungeon_Tier2_Probs,,0,0,,0,0,,0,0,,0,0,,0,0,,0,,,0
Mutation_Icebound_DungeonPlus_Tier2,AND,0,Mut_Ice_Resist_2_Buff,StatusEffect,1,Mut_Ice_Damage_Buff,StatusEffect,1,Mutation_Icebound_DungeonPlus_Tier2_Promo,BuffBucket,1,PromSoloEltBuff,BuffBucket,1,,,0,,,0
Mutation_Icebound_DungeonPlus_Tier2_Probs,,0,0,,0,0,,0,0,,0,0,,0,,,0,,,0
Mutation_Icebound_DungeonPlus_Tier2_Promo,OR,0,Mutation_Icebound_DungeonPlus_Tier2_Promo1,BuffBucket,1,Mutation_Icebound_DungeonPlus_Tier2_Promo2,BuffBucket,1,,,0,,,0,,,0,,,0
Mutation_Icebound_DungeonPlus_Tier2_Promo_Probs,,100,0,,0,50,,0,,,0,,,0,,,0,,,0
Mutation_Icebound_DungeonPlus_Tier2_Promo1,AND,0,Mut_Ice_Slow_2_Buff,StatusEffect,1,Mut_Ice_CloseZone_2_Buff,StatusEffect,1,Promotion2,Promotion,1,,,0,,,0,,,0
Mutation_Icebound_DungeonPlus_Tier2_Promo1_Probs,,0,0,,0,0,,0,0,,0,,,0,,,0,,,0
Mutation_Icebound_DungeonPlus_Tier2_Promo2,AND,0,Mut_Ice_CloseZone_2_Buff,StatusEffect,1,Promotion2,Promotion,1,Promotion3,Promotion,1,,,0,,,0,,,0
Mutation_Icebound_DungeonPlus_Tier2_Promo2_Probs,,0,0,,0,0,,0,0,,0,,,0,,,0,,,0
Mutation_Icebound_DungeonMinus_Tier3,AND,0,Mut_Ice_Damage_Buff,StatusEffect,1,Mut_Ice_Resist_1_Buff,StatusEffect,1,Mutation_Icebound_DungeonMinus_Tier3_Death,BuffBucket,1,PromSoloEltBuff,BuffBucket,1,,,0,,,0
Mutation_Icebound_DungeonMinus_Tier3_Probs,,0,0,,0,0,,0,0,,0,0,,0,,,0,,,0
Mutation_Icebound_DungeonMinus_Tier3_Death,AND,0,mut_ice_deathfreeze_buff,StatusEffect,1,,,0,,,0,,,0,,,0,,,0
Mutation_Icebound_DungeonMinus_Tier3_Death_Probs,,100,40,,0,,,0,,,0,,,0,,,0,,,0
Mutation_Icebound_Dungeon_Tier3,AND,0,Mut_Ice_Resist_2_Buff,StatusEffect,1,Mut_Ice_Damage_Buff,StatusEffect,1,Mut_Ice_Slow_1_Buff,StatusEffect,1,Promotion1,Promotion,1,PromSoloEltBuff,BuffBucket,1,,,0
Mutation_Icebound_Dungeon_Tier3_Probs,,0,0,,0,0,,0,0,,0,0,,0,0,,0,,,0
Mutation_Icebound_DungeonPlus_Tier3,AND,0,Mut_Ice_Resist_2_Buff,StatusEffect,1,Mut_Ice_Damage_Buff,StatusEffect,1,Mutation_Icebound_DungeonPlus_Tier3_Promo,BuffBucket,1,PromSoloEltBuff,BuffBucket,1,,,0,,,0
Mutation_Icebound_DungeonPlus_Tier3_Probs,,0,0,,0,0,,0,0,,0,0,,0,,,0,,,0
Mutation_Icebound_DungeonPlus_Tier3_Promo,OR,0,Mutation_Icebound_DungeonPlus_Tier3_Promo1,BuffBucket,1,Mutation_Icebound_DungeonPlus_Tier3_Promo2,BuffBucket,1,,,0,,,0,,,0,,,0
Mutation_Icebound_DungeonPlus_Tier3_Promo_Probs,,100,0,,0,50,,0,,,0,,,0,,,0,,,0
Mutation_Icebound_DungeonPlus_Tier3_Promo1,AND,0,Mut_Ice_Slow_2_Buff,StatusEffect,1,Mut_Ice_CloseZone_2_Buff,StatusEffect,1,Promotion2,Promotion,1,,,0,,,0,,,0
Mutation_Icebound_DungeonPlus_Tier3_Promo1_Probs,,0,0,,0,0,,0,0,,0,,,0,,,0,,,0
Mutation_Icebound_DungeonPlus_Tier3_Promo2,AND,0,Mut_Ice_CloseZone_2_Buff,StatusEffect,1,Promotion2,Promotion,1,Promotion3,Promotion,1,,,0,,,0,,,0
Mutation_Icebound_DungeonPlus_Tier3_Promo2_Probs,,0,0,,0,0,,0,0,,0,,,0,,,0,,,0
Mutation_Icebound_DungeonMinus_Tier4,AND,0,Mut_Ice_Damage_Buff,StatusEffect,1,Mut_Ice_Resist_1_Buff,StatusEffect,1,Mutation_Icebound_DungeonMinus_Tier4_Death,BuffBucket,1,PromSoloEltBuff,BuffBucket,1,,,0,,,0
Mutation_Icebound_DungeonMinus_Tier4_Probs,,0,0,,0,0,,0,0,,0,0,,0,,,0,,,0
Mutation_Icebound_DungeonMinus_Tier4_Death,AND,0,mut_ice_deathfreeze_buff,StatusEffect,1,,,0,,,0,,,0,,,0,,,0
Mutation_Icebound_DungeonMinus_Tier4_Death_Probs,,100,20,,0,,,0,,,0,,,0,,,0,,,0
Mutation_Icebound_Dungeon_Tier4,AND,0,Mut_Ice_Resist_2_Buff,StatusEffect,1,Mut_Ice_Damage_Buff,StatusEffect,1,Mut_Ice_Slow_1_Buff,StatusEffect,1,Promotion1,Promotion,1,PromSoloEltBuff,BuffBucket,1,,,0
Mutation_Icebound_Dungeon_Tier4_Probs,,0,0,,0,0,,0,0,,0,0,,0,0,,0,,,0
Mutation_Icebound_DungeonPlus_Tier4,AND,0,Mut_Ice_Resist_2_Buff,StatusEffect,1,Mut_Ice_Damage_Buff,StatusEffect,1,Mutation_Icebound_DungeonPlus_Tier4_Promo,BuffBucket,1,PromSoloEltBuff,BuffBucket,1,,,0,,,0
Mutation_Icebound_DungeonPlus_Tier4_Probs,,0,0,,0,0,,0,0,,0,0,,0,,,0,,,0
Mutation_Icebound_DungeonPlus_Tier4_Promo,OR,0,Mutation_Icebound_DungeonPlus_Tier4_Promo1,BuffBucket,1,Mutation_Icebound_DungeonPlus_Tier4_Promo2,BuffBucket,1,,,0,,,0,,,0,,,0
Mutation_Icebound_DungeonPlus_Tier4_Promo_Probs,,100,0,,0,50,,0,,,0,,,0,,,0,,,0
Mutation_Icebound_DungeonPlus_Tier4_Promo1,AND,0,Mut_Ice_Slow_2_Buff,StatusEffect,1,Mut_Ice_CloseZone_2_Buff,StatusEffect,1,Promotion2,Promotion,1,,,0,,,0,,,0
Mutation_Icebound_DungeonPlus_Tier4_Promo1_Probs,,0,0,,0,0,,0,0,,0,,,0,,,0,,,0
Mutation_Icebound_DungeonPlus_Tier4_Promo2,AND,0,Mut_Ice_CloseZone_2_Buff,StatusEffect,1,Promotion2,Promotion,1,Promotion3,Promotion,1,,,0,,,0,,,0
Mutation_Icebound_DungeonPlus_Tier4_Promo2_Probs,,0,0,,0,0,,0,0,,0,,,0,,,0,,,0
AIPillarGoatBuff,AND,0,AI_PillarGoat_Buff,StatusEffect,1,,,0,,,0,,,0,,,0,,,0
AIPillarGoatBuff_Probs,,0,0,,0,,,0,,,0,,,0,,,0,,,0
FieryBuffT1,AND,0,AI_FireDamage_Buff,StatusEffect,1,,,0,,,0,,,0,,,0,,,0
FieryBuffT1_Probs,,0,0,,0,,,0,,,0,,,0,,,0,,,0
FieryBuffT2,AND,0,AI_FireDamage_Buff,StatusEffect,1,AI_Burn_OnHit,Ability,1,,,0,,,0,,,0,,,0
FieryBuffT2_Probs,,0,0,,0,0,,0,,,0,,,0,,,0,,,0
FieryBuffT3,AND,0,AI_FireDamage_Buff,StatusEffect,1,AI_Burn_OnHit,Ability,1,AI_SelfDestruct_OnDeath,Ability,1,,,0,,,0,,,0
FieryBuffT3_Probs,,0,0,,0,0,,0,0,,0,,,0,,,0,,,0
TestRandomStatusEffect,OR,0,Poison,StatusEffect,1,Disease,StatusEffect,1,,,0,,,0,,,0,,,0
TestRandomStatusEffect_Probs,,100,0,,0,50,,0,,,0,,,0,,,0,,,0
TestRandomAbility,OR,0,GlobalHeadshotDamagePerk1,Ability,1,GlobalCritDamagePerk1,Ability,1,,,0,,,0,,,0,,,0
TestRandomAbility_Probs,,100,0,,0,50,,0,,,0,,,0,,,0,,,0
TestRandomBuffCombo,AND,0,RandomStatusEffect,BuffBucket,1,RandomAbility,BuffBucket,1,,,0,,,0,,,0,,,0
TestRandomBuffCombo_Probs,,0,0,,0,0,,0,,,0,,,0,,,0,,,0