TaskID,Type,FailOnCondition,StayActive,RequiredLevel,TargetQty,ItemName,ItemDropVC,ItemDropProbability,ChestDropProbability,EnforceLocationRequirement,TerritoryID,POITag,GameModeID,LootTag,PauseAndClearLootOnTaskComplete,AwardOnlyOnce,ShouldCheckPoints,GuranteedDropAttempts,TargetThreshold,CraftingRecipeId,CraftAnyRecipe,InteractTag,UIScreenTag,TriggerAreaType,KillEnemyType,KillEnemyWeaponID,Duration,TaskBuySellType,IsPurchaseOrEarn,IsExactMatch,UseTypeAffix,TypeAffix,UseMatAffix,MatAffix,UseMagicAffix,MagicAffix,MapMarkerMapIcon,MapMarkerTitleLocTag,MapMarkerDescriptionLocTag,MapMarkerWorldPositionX,MapMarkerWorldPositionY,MapMarkerWorldDistanceThreshold,UseLargeItemDisplay,TP_TargetTag,TP_DescriptionTag,TargetDescriptionTaskId,OverrideLocation,IsHidden,HideDiegeticGatherablePins,ShowDiegeticTaskPin,DiegeticPinZOverride,SS_VariantName,SS_StatePreset,CompletedNotificationId,GridLayout,CommunityGoalTag,HideChildren,TriggerAnalyticsEvent,SubTask1,SubTask2,SubTask3,SubTask4,SubTask5
13A_SQ_01_HakenstadtDoll_container,ConsecutiveTaskContainer,,0,,0,,,0,0,false,,,,,false,,,0,,,,,,,,,,,,,,,,,,,,,,,,,,,,,,,,false,,,,,,,,,13A_SQ_01_HakenstadtDoll_Task_GoTo,13A_SQ_01_HakenstadtDoll_Task_DispelFog,13A_SQ_01_HakenstadtDoll_Task_CollectNotes,,
13A_SQ_01_HakenstadtDoll_Task_GoTo,TaskGoToPOITag,,1,,0,,,0,0,true,,abandoned_fishing_village_50206,,,false,,,0,,,,,,,,,,,,,,,,,,,,,,,,,,,@13A_SQ_01_HakenstadtDoll_Task_GoTo,,,,,false,,,,,,,,,,,,,
13A_SQ_01_HakenstadtDoll_Task_DispelFog,TaskGameEvent,,0,,1,,13A_SQ_01_FogBed,0,0,true,,abandoned_fishing_village_50206,,,true,,,0,,,,IO_13A_SQ_01_FogBed,,,13A_SQ_01_FogBed_interact,,,,,,,,,,,,,,,,,,,,@13A_SQ_01_HakenstadtDoll_Task_DispelFog,,11433.247070 4426.789551 42.548615,,,false,,,,,,,,,,,,,
13A_SQ_01_HakenstadtDoll_Task_CollectNotes,TaskAchievement,,0,,1,Lore_unlock_13_WeaversFen_Title_12_01,,0,0,true,,abandoned_fishing_village_50206,,,false,,,0,,,,,,,,,,,,,,,,,,,,,,,,,,,@13A_SQ_01_HakenstadtDoll_Task_CollectNotes,,11430.932617 4420.479004 43.725605,,,false,,,,,,,,,,,,,
13A_SQ_02_KrummholmTransmutations_container,ConsecutiveTaskContainer,,0,,0,,,0,0,false,,,,,false,,,0,,,,,,,,,,,,,,,,,,,,,,,,,,,,,,,,false,,,,,,,,,13A_SQ_02_KrummholmTransmutations_Task_GoTo,13A_SQ_02_KrummholmTransmutations_Primrose_00,13A_SQ_02_KrummholmTransmutations_Primrose_01,13A_SQ_02_KrummholmTransmutations_task_container,
13A_SQ_02_KrummholmTransmutations_Task_GoTo,TaskGoToPOITag,,1,,0,,,0,0,true,,abandoned_fishing_village_50237,,,false,,,0,,,,,,,,,,,,,,,,,,,,,,,,,,,@13A_SQ_02_KrummholmTransmutations_Task_GoTo,,,,,false,,,,,,,,,,,,,
13A_SQ_02_KrummholmTransmutations_Primrose_00,TaskUnlockAchievement,,0,,1,SwapActive_13A_Primrose_1,,0,0,false,,,,,false,,,0,,,,,,,,,,,,,,,,,,,,,,,,,,,,,,1,,false,,,,,,,,,,,,,
13A_SQ_02_KrummholmTransmutations_Primrose_01,TaskUnlockAchievement,,0,,1,SwapActive_13A_Primrose_2,,0,0,false,,,,,false,,,0,,,,,,,,,,,,,,,,,,,,,,,,,,,,,,1,,false,,,,,,,,,,,,,
13A_SQ_02_KrummholmTransmutations_task_container,SimpleTaskContainer,,0,,0,,,0,0,false,,,,,false,,,0,,,,,,,,,,,,,,,,,,,,,,,,,,,,,,1,,false,,,,,,,,,13A_SQ_02_KrummholmTransmutations_Task_BloodSamples,13A_SQ_02_KrummholmTransmutations_Task_CollectNotes,,,
13A_SQ_02_KrummholmTransmutations_Task_BloodSamples,TaskHaveAndReturnItems,,1,,2,13A_SQ_02_KrummholmTransmutations_Blood,Withered_Grunt_13WF06a,100,0,true,,abandoned_fishing_village_50237,,,true,,,0,,,,,,,,,,,,,,,,,,,,,,,,,,,@13A_SQ_02_KrummholmTransmutations_Task_BloodSamples,,,,,false,,,,,,,,,,,,,
13A_SQ_02_KrummholmTransmutations_Task_CollectNotes,TaskAchievement,,0,,1,Lore_unlock_13_WeaversFen_Title_12_02,,0,0,true,,abandoned_fishing_village_50237,,,false,,,0,,,,,,,,,,,,,,,,,,,,,,,,,,,@13A_SQ_02_KrummholmTransmutations_Task_CollectNotes,,11637.070312 4311.867188 44.030388,,,false,,,,,,,,,,,,,
13A_SQ_03_FreeHazel_container,ConsecutiveTaskContainer,,0,,0,,,0,0,false,,,,,false,,,0,,,,,,,,,,,,,,,,,,,,,,,,,,,,,,,,false,,,,,,,,,13A_SQ_03_FreeHazel_Task_GoTo,13A_SQ_03_FreeHazel_Task_CollectNotes,13A_SQ_03_FreeHazel_Task_FreeHazel,,
13A_SQ_03_FreeHazel_Task_GoTo,TaskGoToPOITag,,1,,0,,,0,0,true,,abandoned_farm_mill_50202,,,false,,,0,,,,,,,,,,,,,,,,,,,,,,,,,,,@13A_SQ_03_FreeHazel_Task_GoTo,,,,,false,,,,,,,,,,,,,
13A_SQ_03_FreeHazel_Task_CollectNotes,TaskAchievement,,0,,1,Lore_unlock_13_WeaversFen_Title_12_03,,0,0,true,,abandoned_farm_mill_50202,,,false,,,0,,,,,,,,,,,,,,,,,,,,,,,,,,,@13A_SQ_03_FreeHazel_Task_CollectNotes,,11834.807 4528.965 106.889,,,false,,,,,,,,,,,,,
13A_SQ_03_FreeHazel_Task_FreeHazel,TaskHaveAndReturnItems,,1,,1,13A_SQ_03_FreeHazel_Toy,Ghost_Plagued_Named_02,100,0,true,,abandoned_farm_mill_50202,,,false,,,0,,,,,,,,,,,,,,,,,,,,,,,,,,,@13A_SQ_03_FreeHazel_Task_FreeHazel,,11829.390625 4571.360840 109.857498,,,false,,,,,,,,,,,,,
13A_SQ_14_GetTorches_container,ConsecutiveTaskContainer,,0,,0,,,0,0,false,,,,,false,,,0,,,,,,,,,,,,,,,,,,,,,,,,,,,,,,,,false,,,,,,,,,13A_SQ_14_GetTorches_Task_Torches,13A_SQ_14_GetTorches_Pyro_01,,,
13A_SQ_14_GetTorches_Task_Torches,TaskHaveAndReturnItems,,1,,3,1330_0201_startingthefireitem,Undead_Hunter_13WF01,100,0,true,,WeaversFen1,,,true,,,0,,,,,,,,,,,,,,,,,,,,,,,,,,,@13A_SQ_14_GetTorches_interactTorches,,,,,false,,,,,,,,,,,,,
13A_SQ_14_GetTorches_Pyro_01,TaskUnlockAchievement,,0,,1,SwapActive_13A_Pyro_2,,0,0,false,,,,,false,,,0,,,,,,,,,,,,,,,,,,,,,,,,,,,,,1,,,false,,,,,,,,,,,,,
13A_SQ_15_GetIlluminationEssences_container,ConsecutiveTaskContainer,,0,,0,,,0,0,false,,,,,false,,,0,,,,,,,,,,,,,,,,,,,,,,,,,,,,,,,,false,,,,,,,,,13A_SQ_15_GetIlluminationEssences_Task_GoTo,13A_SQ_15_GetIlluminationEssences_Task_GatherChest,13A_SQ_15_GetIlluminationEssences_Pyro_00,,
13A_SQ_15_GetIlluminationEssences_Task_GoTo,TaskGoToPOITag,,1,,0,,,0,0,true,,weaversfen_temple_50338,,,false,,,0,,,,,,,,,,,,,,,,,,,,,,,,,,,@13A_SQ_15_GetIlluminationEssences_Task_GoTo,,,,,false,,,,,,,,,,,,,
13A_SQ_15_GetIlluminationEssences_Task_GatherChest,TaskHaveAndReturnItems,,1,,6,1330_0202_burningfromtheinsideitem,Ancient,100,0,true,,weaversfen_temple_50338,,,true,,,0,,,,,,,,,,,,,,,,,,,,,,,,,,,@13A_SQ_15_GetIlluminationEssences_Task_GatherChest,,,,,false,,,,,,,,,,,,,
13A_SQ_15_GetIlluminationEssences_Pyro_00,TaskUnlockAchievement,,0,,1,SwapActive_13A_Pyro_1,,0,0,false,,,,,false,,,0,,,,,,,,,,,,,,,,,,,,,,,,,,,,,1,,,false,,,,,,,,,,,,,
13A_SQ_16_NavarrosKitchen_container,ConsecutiveTaskContainer,,0,,0,,,0,0,false,,,,,false,,,0,,,,,,,,,,,,,,,,,,,,,,,,,,,,,,,,false,,,,,,,,,13A_SQ_16_NavarrosKitchen_Task_GoTo,13A_SQ_16_NavarrosKitchen_Task_KillToken,,,
13A_SQ_16_NavarrosKitchen_Task_GoTo,TaskGoToPOITag,,1,,0,,,0,0,true,,crater_corruptedruinedfort_50335,,,false,,,0,,,,,,,,,,,,,,,,,,,,,,,,,,,@13A_SQ_16_NavarrosKitchen_Task_GoTo,,,,,false,,,,,,,,,,,,,
13A_SQ_16_NavarrosKitchen_Task_KillToken,TaskHaveAndReturnItems,,1,,1,1330_0203_Contraption,Damned_1H_Swordsman_M_Named_06,100,0,true,,crater_corruptedruinedfort_50335,,,true,,,0,,,,,,,,,,,,,,,,,,,,,,,,,,,@13A_SQ_16_NavarrosKitchen_Task_KillToken,,,,,false,,,,,,,,,,,,,
13A_SQ_04_MonsterBounty_container,ConsecutiveTaskContainer,,0,,0,,,0,0,false,,,,,false,,,0,,,,,,,,,,,,,,,,,,,,,,,,,,,,,,,,false,,,,,,,,,13A_SQ_04_MonsterBounty_Task_KillToken,13A_SQ_04_MonsterBounty_MonsterHunter_00,13A_SQ_04_MonsterBounty_MonsterHunter_01,,
13A_SQ_04_MonsterBounty_Task_KillToken,TaskHaveAndReturnItems,,1,,1,1331_0201_RavagerDrop,Withered_Brute_Named_07,100,0,false,,haunted_town_50201,,,true,,,0,,,,,,,,,,,,,,,,,,,,,,,,,,,@13A_SQ_04_MonsterBounty_Task_Kill,,10701.836914 5823.229980 79.822311,,,false,,,,,,,,,,,,,
13A_SQ_04_MonsterBounty_MonsterHunter_00,TaskUnlockAchievement,,0,,1,SwapActive_13A_MonsterHunter_1,,0,0,false,,,,,false,,,0,,,,,,,,,,,,,,,,,,,,,,,,,,,,,,1,,false,,,,,,,,,,,,,
13A_SQ_04_MonsterBounty_MonsterHunter_01,TaskUnlockAchievement,,0,,1,SwapActive_13A_MonsterHunter_2,,0,0,false,,,,,false,,,0,,,,,,,,,,,,,,,,,,,,,,,,,,,,,,1,,false,,,,,,,,,,,,,
13A_SQ_05_FindHunters_container,ConsecutiveTaskContainer,,0,,0,,,0,0,false,,,,,false,,,0,,,,,,,,,,,,,,,,,,,,,,,,,,,,,,,,false,,,,,,,,,13A_SQ_05_FindHunters_Task_GoTo,13A_SQ_05_FindHunters_container_FindAndKillMarkus,13A_SQ_05_FindHunterscontainer_FindAndKillJoan,13A_SQ_05_FindHunters_MonsterHunter_01,13A_SQ_05_FindHunters_MonsterHunter_02
13A_SQ_05_FindHunters_Task_GoTo,TaskGoToPOITag,,1,,0,,,0,0,true,,haunted_town_50201,,,false,,,0,,,,,,,,,,,,,,,,,,,,,,,,,,,@13A_SQ_05_FindHunters_Task_GoTo,,,,,false,,,,,,,,,,,,,
13A_SQ_05_FindHunters_container_FindAndKillMarkus,ConsecutiveTaskContainer,,0,,0,,,0,0,false,,,,,false,,,0,,,,,,,,,,,,,,,,,,,,,,,,,,,,,,1,,false,,,,,,,,,13A_SQ_05_FindHunters_Task_TriggerArea_FindAndKillMarkus,13A_SQ_05_FindHuntersTask_KillToken_FindAndKillMarkus,,,
13A_SQ_05_FindHunters_Task_TriggerArea_FindAndKillMarkus,TaskTriggerArea,,1,,1,,,0,0,false,,,,,false,,,0,,,,,,Enter,,,,,,,,,,,,,,,,,,,,Sphere_Large_1331_Markus,@13A_SQ_05_FindHunters_Task_TriggerAreaMarkus,,10786.399 5656.622 94.7641,,,false,,,,,,,,,,,,,
13A_SQ_05_FindHuntersTask_KillToken_FindAndKillMarkus,TaskHaveAndReturnItems,,1,,1,1331_0202_MarkusEmblem,Ghost_Plagued_Named_04,100,0,true,,haunted_town_50201,,,true,,,0,,,,,,,,,,,,,,,,,,,,,,,,,,,@13A_SQ_05_FindHunters_Task_KillMarkus,,10786.399 5656.622 94.7641,,,false,,,,,,,,,,,,,
13A_SQ_05_FindHunterscontainer_FindAndKillJoan,ConsecutiveTaskContainer,,0,,0,,,0,0,false,,,,,false,,,0,,,,,,,,,,,,,,,,,,,,,,,,,,,,,,1,,false,,,,,,,,,13A_SQ_05_FindHunters_Task_TriggerArea_FindAndKillJoan,13A_SQ_05_FindHunters_Task_KillToken_FindAndKillJoan,,,
13A_SQ_05_FindHunters_Task_TriggerArea_FindAndKillJoan,TaskTriggerArea,,1,,1,,,0,0,false,,,,,false,,,0,,,,,,Enter,,,,,,,,,,,,,,,,,,,,Sphere_Large_1331_Joan,@13A_SQ_05_FindHunters_Task_TriggerAreaJoan,,10924.366 5549.296 84.92,,,false,,,,,,,,,,,,,
13A_SQ_05_FindHunters_Task_KillToken_FindAndKillJoan,TaskHaveAndReturnItems,,1,,1,1331_0202_JoanEmblem,Undead_Hunter_Named_01,100,0,true,,haunted_town_50201,,,true,,,0,,,,,,,,,,,,,,,,,,,,,,,,,,,@13A_SQ_05_FindHunters_Task_KillJoan,,10924.366 5549.296 84.92,,,false,,,,,,,,,,,,,
13A_SQ_05_FindHunters_MonsterHunter_01,TaskLockAchievement,,0,,1,SwapActive_13A_MonsterHunter_2,,0,0,false,,,,,false,,,0,,,,,,,,,,,,,,,,,,,,,,,,,,,,,,1,,false,,,,,,,,,,,,,
13A_SQ_05_FindHunters_MonsterHunter_02,TaskUnlockAchievement,,0,,1,SwapActive_13A_MonsterHunter_3,,0,0,false,,,,,false,,,0,,,,,,,,,,,,,,,,,,,,,,,,,,,,,,1,,false,,,,,,,,,,,,,
13A_SQ_06_KarburgHunters_container,ConsecutiveTaskContainer,,0,,0,,,0,0,false,,,,,false,,,0,,,,,,,,,,,,,,,,,,,,,,,,,,,,,,,,false,,,,,,,,,13A_SQ_06_KarburgHunters_Task_GoTo,13A_SQ_05_KarburgHunters_MonsterHunter_02,13A_SQ_05_KarburgHunters_MonsterHunter_03,13A_SQ_06_KarburgHunters_Task_KillToken,
13A_SQ_06_KarburgHunters_Task_GoTo,TaskGoToPOITag,,1,,0,,,0,0,true,,abandoned_fishing_village_50208,,,false,,,0,,,,,,,,,,,,,,,,,,,,,,,,,,,@13A_SQ_06_KarburgHunters_Task_GoTo,,,,,false,,,,,,,,,,,,,
13A_SQ_05_KarburgHunters_MonsterHunter_02,TaskLockAchievement,,0,,1,SwapActive_13A_MonsterHunter_3,,0,0,false,,,,,false,,,0,,,,,,,,,,,,,,,,,,,,,,,,,,,,,,1,,false,,,,,,,,,,,,,
13A_SQ_05_KarburgHunters_MonsterHunter_03,TaskUnlockAchievement,,0,,1,SwapActive_13A_MonsterHunter_4,,0,0,false,,,,,false,,,0,,,,,,,,,,,,,,,,,,,,,,,,,,,,,,1,,false,,,,,,,,,,,,,
13A_SQ_06_KarburgHunters_Task_KillToken,TaskHaveAndReturnItems,,1,,1,1331_0203_RuizEmblem,Ghost_Shackled_Named_04,100,0,true,,abandoned_fishing_village_50208,,,true,,,0,,,,,,,,,,,,,,,,,,,,,,,,,,,@13A_SQ_06_KarburgHunters_Task_Kill,,10999 5357 74.489,,,false,,,,,,,,,,,,,
13A_SQ_17_KillGators_container,ConsecutiveTaskContainer,,0,,0,,,0,0,false,,,,,false,,,0,,,,,,,,,,,,,,,,,,,,,,,,,,,,,,,,false,,,,,,,,,13A_SQ_17_KillGators_Task_KillToken,13A_SQ_17_KillGators_AnimalHunter_00,13A_SQ_17_KillGators_AnimalHunter_01,,
13A_SQ_17_KillGators_Task_KillToken,TaskHaveAndReturnItems,,1,,3,1332_0201_AlligatorTooth,Alligator,100,0,true,13,,,,true,,,0,,,,,,,,,,,,,,,,,,,,,,,,,,,@13A_SQ_17_KillGators_Task_KillToken,,11557.293 4447.525 40.344,,,false,,,,,,,,,,,,,
13A_SQ_17_KillGators_AnimalHunter_00,TaskUnlockAchievement,,0,,1,SwapActive_13A_AnimalHunter_1,,0,0,false,,,,,false,,,0,,,,,,,,,,,,,,,,,,,,,,,,,,,,,,1,,false,,,,,,,,,,,,,
13A_SQ_17_KillGators_AnimalHunter_01,TaskUnlockAchievement,,0,,1,SwapActive_13A_AnimalHunter_2,,0,0,false,,,,,false,,,0,,,,,,,,,,,,,,,,,,,,,,,,,,,,,,1,,false,,,,,,,,,,,,,
13A_SQ_18_KillBoar_container,ConsecutiveTaskContainer,,0,,0,,,0,0,false,,,,,false,,,0,,,,,,,,,,,,,,,,,,,,,,,,,,,,,,,,false,,,,,,,,,13A_SQ_18_KillBoar_Task_KillToken,13A_SQ_18_KillBoar_AnimalHunter_01,13A_SQ_18_KillBoar_AnimalHunter_02,,
13A_SQ_18_KillBoar_Task_KillToken,TaskHaveAndReturnItems,,1,,5,1332_0202_BoarTusk,Boar,100,0,true,13,,,,true,,,0,,,,,,,,,,,,,,,,,,,,,,,,,,,@13A_SQ_18_KillBoar_Task_KillToken,,11744.483 5405.03 39.899,,,false,,,,,,,,,,,,,
13A_SQ_18_KillBoar_AnimalHunter_01,TaskLockAchievement,,0,,1,SwapActive_13A_AnimalHunter_2,,0,0,false,,,,,false,,,0,,,,,,,,,,,,,,,,,,,,,,,,,,,,,,1,,false,,,,,,,,,,,,,
13A_SQ_18_KillBoar_AnimalHunter_02,TaskUnlockAchievement,,0,,1,SwapActive_13A_AnimalHunter_3,,0,0,false,,,,,false,,,0,,,,,,,,,,,,,,,,,,,,,,,,,,,,,,1,,false,,,,,,,,,,,,,
13A_SQ_19_KillWolfPack_container,ConsecutiveTaskContainer,,0,,0,,,0,0,false,,,,,false,,,0,,,,,,,,,,,,,,,,,,,,,,,,,,,,,,,,false,,,,,,,,,13A_SQ_19_KillWolfPack_Task_KillToken,13A_SQ_19_KillWolfPack_AnimalHunter_02,13A_SQ_19_KillWolfPack_AnimalHunter_03,,
13A_SQ_19_KillWolfPack_Task_KillToken,TaskHaveAndReturnItems,,1,,5,1332_0203_WolfFang,Wolf,100,0,true,13,,,,true,,,0,,,,,,,,,,,,,,,,,,,,,,,,,,,@13A_SQ_19_KillWolfPack_Task_KillToken,,11623.946 6151.694 142.434,,,false,,,,,,,,,,,,,
13A_SQ_19_KillWolfPack_AnimalHunter_02,TaskLockAchievement,,0,,1,SwapActive_13A_AnimalHunter_3,,0,0,false,,,,,false,,,0,,,,,,,,,,,,,,,,,,,,,,,,,,,,,,1,,false,,,,,,,,,,,,,
13A_SQ_19_KillWolfPack_AnimalHunter_03,TaskUnlockAchievement,,0,,1,SwapActive_13A_AnimalHunter_4,,0,0,false,,,,,false,,,0,,,,,,,,,,,,,,,,,,,,,,,,,,,,,,1,,false,,,,,,,,,,,,,
13A_SQ_20_KillWolfLeader_container,ConsecutiveTaskContainer,,0,,0,,,0,0,false,,,,,false,,,0,,,,,,,,,,,,,,,,,,,,,,,,,,,,,,,,false,,,,,,,,,13A_SQ_20_KillWolfLeader_Task_GoTo,13A_SQ_20_KillWolfLeader_Task_KillToken,,,
13A_SQ_20_KillWolfLeader_Task_GoTo,TaskGoToPOITag,,1,,0,,,0,0,true,,wolf_den_50303,,,false,,,0,,,,,,,,,,,,,,,,,,,,,,,,,,,@13A_SQ_20_KillWolfLeader_Task_GoTo,,,,,false,,,,,,,,,,,,,
13A_SQ_20_KillWolfLeader_Task_KillToken,TaskHaveAndReturnItems,,1,,1,1332_0204_AlphaFang,Wolf_Alpha_13WF05,100,0,true,13,,,,true,,,0,,,,,,,,,,,,,,,,,,,,,,,,,,,@13A_SQ_20_KillWolfLeader_Task_KillToken,,11105.056 6557.066 200.174,,,false,,,,,,,,,,,,,
13A_SQ_07_StudyRuins_container,ConsecutiveTaskContainer,,0,,0,,,0,0,false,,,,,false,,,0,,,,,,,,,,,,,,,,,,,,,,,,,,,,,,,,false,,,,,,,,,13A_SQ_07_StudyRuins_Task_GatherAndReturn,13A_SQ_08_BridgeStones_Architect_00,13A_SQ_07_StudyRuins_Architect_01,,
13A_SQ_07_StudyRuins_Task_GatherAndReturn,TaskGatherAndReturnItems,,0,,5,1333_AncientStoneSample,1333_UpperStoneRubble_00,100,0,false,,,,,true,,,0,,,,IO_1333_UpperStoneRubble_00,,,1333_UpperStoneRubble_interact_success,,,,,,,,,,,,,,,,,,,,@13A_SQ_07_StudyRuins_Task_GatherAndReturn,,10503.486 5691.469 155.536,,,false,,,,,,,,,,,,,
13A_SQ_08_BridgeStones_Architect_00,TaskUnlockAchievement,,0,,1,SwapActive_13A_Architect_1,,0,0,false,,,,,false,,,0,,,,,,,,,,,,,,,,,,,,,,,,,,,,,,1,,false,,,,,,,,,,,,,
13A_SQ_07_StudyRuins_Architect_01,TaskUnlockAchievement,,0,,1,SwapActive_13A_Architect_2,,0,0,false,,,,,false,,,0,,,,,,,,,,,,,,,,,,,,,,,,,,,,,,1,,false,,,,,,,,,,,,,
13A_SQ_08_BridgeStones_container,ConsecutiveTaskContainer,,0,,0,,,0,0,false,,,,,false,,,0,,,,,,,,,,,,,,,,,,,,,,,,,,,,,,,,false,,,,,,,,,13A_SQ_08_BridgeStones_Task_GoTo,13A_SQ_08_BridgeStones_Task_GatherAndReturn,13A_SQ_08_BridgeStones_Architect_01,13A_SQ_08_BridgeStones_Architect_02,
13A_SQ_08_BridgeStones_Task_GoTo,TaskGoToPOITag,,0,,0,,,0,0,true,,ancient_bridge_50212,,,false,,,0,,,,,,,,,,,,,,,,,,,,,,,,,,,@13A_SQ_08_BridgeStones_Task_GoTo,,,,,false,,,,,,,,,,,,,
13A_SQ_08_BridgeStones_Task_GatherAndReturn,TaskGatherAndReturnItems,,0,,3,1333_AncientStoneSample,1333_StoneRubble_00,100,0,true,,ancient_bridge_50212,,,true,,,0,,,,IO_1333_StoneRubble_00,,,1333_StoneRubble_interact_success,,,,,,,,,,,,,,,,,,,,@13A_SQ_08_BridgeStones_Task_GatherAndReturn,,10995.75 5135.237 69.752,,,false,,,,,,,,,,,,,
13A_SQ_08_BridgeStones_Architect_01,TaskLockAchievement,,0,,1,SwapActive_13A_Architect_2,,0,0,false,,,,,false,,,0,,,,,,,,,,,,,,,,,,,,,,,,,,,,,,1,,false,,,,,,,,,,,,,
13A_SQ_08_BridgeStones_Architect_02,TaskUnlockAchievement,,0,,1,SwapActive_13A_Architect_3,,0,0,false,,,,,false,,,0,,,,,,,,,,,,,,,,,,,,,,,,,,,,,,1,,false,,,,,,,,,,,,,
13A_SQ_09_AndrometusStones_container,ConsecutiveTaskContainer,,0,,0,,,0,0,false,,,,,false,,,0,,,,,,,,,,,,,,,,,,,,,,,,,,,,,,,,false,,,,,,,,,13A_SQ_09_AndrometusStones_Task_GoTo,13A_SQ_08_AndrometusStones_Architect_02,13A_SQ_08_AndrometusStones_Architect_03,13A_SQ_09_AndrometusStones_Task_GatherAndReturn,
13A_SQ_09_AndrometusStones_Task_GoTo,TaskGoToPOITag,,0,,0,,,0,0,true,,ancient_ruins_50235,,,false,,,0,,,,,,,,,,,,,,,,,,,,,,,,,,,@13A_SQ_09_AndrometusStones_Task_GoTo,,,,,false,,,,,,,,,,,,,
13A_SQ_08_AndrometusStones_Architect_02,TaskLockAchievement,,0,,1,SwapActive_13A_Architect_3,,0,0,false,,,,,false,,,0,,,,,,,,,,,,,,,,,,,,,,,,,,,,,,1,,false,,,,,,,,,,,,,
13A_SQ_08_AndrometusStones_Architect_03,TaskUnlockAchievement,,0,,1,SwapActive_13A_Architect_4,,0,0,false,,,,,false,,,0,,,,,,,,,,,,,,,,,,,,,,,,,,,,,,1,,false,,,,,,,,,,,,,
13A_SQ_09_AndrometusStones_Task_GatherAndReturn,TaskGatherAndReturnItems,,0,,3,1333_AncientStoneSample,1333_StoneRubble_00,100,0,true,,ancient_ruins_50235,,,true,,,0,,,,IO_1333_StoneRubble_00,,,1333_StoneRubble_interact_success,,,,,,,,,,,,,,,,,,,,@13A_SQ_09_AndrometusStones_Task_GatherAndReturn,,12050.282 5277.992 41.438,,,false,,,,,,,,,,,,,
13A_SQ_21_SwampPerfume_container,ConsecutiveTaskContainer,,0,,0,,,0,0,false,,,,,false,,,0,,,,,,,,,,,,,,,,,,,,,,,,,,,,,,,,false,,,,,,,,,13A_SQ_21_SwampPerfume_container_GiveRecipe,13A_SQ_21_SwampPerfume_container_GatherMaterials,13A_SQ_21_SwampPerfume_container_CraftPerfume,,
13A_SQ_21_SwampPerfume_container_GiveRecipe,ConsecutiveTaskContainer,,0,,0,,,0,0,false,,,,,false,,,0,,,,,,,,,,,,,,,,,,,,,,,,,,,,,,1,,false,,,,,,,,,13A_SQ_21_SwampPerfume_Task_GiveRecipe,,,,
13A_SQ_21_SwampPerfume_Task_GiveRecipe,TaskGiveItem,,0,,1,WorkOrder_1334_0201_Perfume,,0,0,false,,,,,false,,,0,,,,,,,,,,,,,,,,,,,,,,,,,,,@13A_SQ_21_SwampPerfume_Task_GiveRecipe,,,1,,false,,,,,,,,,,,,,
13A_SQ_21_SwampPerfume_container_GatherMaterials,ConsecutiveTaskContainer,,0,,0,,,0,0,false,,,,,false,,,0,,,,,,,,,,,,,,,,,,,,,,,,,,,,,,1,,false,,,,,,,,,13A_SQ_21_SwampPerfume_Task_Gather_Spores,13A_SQ_21_SwampPerfume_Task_Skin_ElkGland,13A_SQ_21_SwampPerfume_Task_Loot_Chests_Laudanum,,
13A_SQ_21_SwampPerfume_Task_Gather_Spores,TaskGatherItems,,0,,5,1334_0201_Spores,PigmentPlantBrown,100,0,true,13,,,,true,,,0,,,,,,,,,,,,,,,,,,,,,,,,,,,@13A_SQ_21_SwampPerfume_Task_Gather_Spores,,11652.545898 5979.679688 123.683701,,,false,,,,,,,,,,,,,
13A_SQ_21_SwampPerfume_Task_Skin_ElkGland,TaskGatherItems,,0,,3,1334_0201_ElkGland,Elk,100,0,true,weaversfen3,weaversfen3,,,true,,,0,,,,,,,,,,,,,,,,,,,,,,,,,,,@13A_SQ_21_SwampPerfume_Task_Skin_ElkGland,,11705.433594 6112.319824 147.179611,,,false,,,,,,,,,,,,,
13A_SQ_21_SwampPerfume_Task_Loot_Chests_Laudanum,TaskHaveItems,,0,,5,1334_0201_Laudanum,,0,100,true,,haunted_town_50216,,,true,,,0,,,,,,,,,,,,,,,,,,,,,,,,,,,@13A_SQ_21_SwampPerfume_Task_Loot_Chests_Laudanum,,,,,false,,,,,,,,,,,,,
13A_SQ_21_SwampPerfume_container_CraftPerfume,ConsecutiveTaskContainer,,0,,0,,,0,0,false,,,,,false,,,0,,,,,,,,,,,,,,,,,,,,,,,,,,,,,,1,,false,,,,,,,,,13A_SQ_21_SwampPerfume_Task_HavePerfume,,,,
13A_SQ_21_SwampPerfume_Task_HavePerfume,TaskHaveAndReturnItems,,1,,1,1334_0201_Perfume,,0,0,false,,,,,false,,,0,,,,,,,,,,,,,,,,,,,,,,,,,,,@13A_SQ_21_SwampPerfume_Task_CraftPerfume,,11432.967 5328.917 45.336,,,true,,,,,,,,,,,,,
13A_SQ_10_FindSpouseBridge_container,ConsecutiveTaskContainer,,0,,0,,,0,0,false,,,,,false,,,0,,,,,,,,,,,,,,,,,,,,,,,,,,,,,,,,false,,,,,,,,,13A_SQ_10_FindSpouseBridge_Task_GoTo,13A_SQ_10_FindSpouseBridge_Task_GatherChest,13A_SQ_10_FindSpouseBridge_Antiquarian_00,13A_SQ_10_FindSpouseBridge_Antiquarian_01,
13A_SQ_10_FindSpouseBridge_Task_GoTo,TaskGoToPOITag,,1,,0,,,0,0,true,,ancient_bridge_50215,,,false,,,0,,,,,,,,,,,,,,,,,,,,,,,,,,,@13A_SQ_10_FindSpouseBridge_Task_GoTo,,,,,false,,,,,,,,,,,,,
13A_SQ_10_FindSpouseBridge_Task_GatherChest,TaskHaveAndReturnItems,,1,,1,1335_0201_CanopusCoin,,0,25,true,,ancient_bridge_50215,,,true,,,4,,,,,,,,,,,,,,,,,,,,,,,,,,,@13A_SQ_10_FindSpouseBridge_Task_KillToken,,11556.26 5761.342 79.985,,,false,,,,,,,,,,,,,
13A_SQ_10_FindSpouseBridge_Antiquarian_00,TaskUnlockAchievement,,0,,1,SwapActive_13A_Antiquarian_1,,0,0,false,,,,,false,,,0,,,,,,,,,,,,,,,,,,,,,,,,,,,,,,1,,false,,,,,,,,,,,,,
13A_SQ_10_FindSpouseBridge_Antiquarian_01,TaskUnlockAchievement,,0,,1,SwapActive_13A_Antiquarian_2,,0,0,false,,,,,false,,,0,,,,,,,,,,,,,,,,,,,,,,,,,,,,,,1,,false,,,,,,,,,,,,,
13A_SQ_11_FindSpouseCanopus_container,ConsecutiveTaskContainer,,0,,0,,,0,0,false,,,,,false,,,0,,,,,,,,,,,,,,,,,,,,,,,,,,,,,,,,false,,,,,,,,,13A_SQ_11_FindSpouseCanopus_Task_GoTo,13A_SQ_11_FindSpouseCanopus_Task_GatherChest,13A_SQ_11_FindSpouseCanopus_Antiquarian_01,13A_SQ_11_FindSpouseCanopus_Antiquarian_02,
13A_SQ_11_FindSpouseCanopus_Task_GoTo,TaskGoToPOITag,,1,,0,,,0,0,true,,ancient_ruins_50211,,,false,,,0,,,,,,,,,,,,,,,,,,,,,,,,,,,@13A_SQ_11_FindSpouseCanopus_Task_GoTo,,,,,false,,,,,,,,,,,,,
13A_SQ_11_FindSpouseCanopus_Task_GatherChest,TaskHaveAndReturnItems,,1,,1,1335_0202_LaslusWellCoin,,0,25,true,,ancient_ruins_50211,,,true,,,4,,,,,,,,,,,,,,,,,,,,,,,,,,,@13A_SQ_11_FindSpouseCanopus_Task_KillToken,,11744.483 5405.03 39.899,,,false,,,,,,,,,,,,,
13A_SQ_11_FindSpouseCanopus_Antiquarian_01,TaskLockAchievement,,0,,1,SwapActive_13A_Antiquarian_2,,0,0,false,,,,,false,,,0,,,,,,,,,,,,,,,,,,,,,,,,,,,,,,1,,false,,,,,,,,,,,,,
13A_SQ_11_FindSpouseCanopus_Antiquarian_02,TaskUnlockAchievement,,0,,1,SwapActive_13A_Antiquarian_3,,0,0,false,,,,,false,,,0,,,,,,,,,,,,,,,,,,,,,,,,,,,,,,1,,false,,,,,,,,,,,,,
13A_SQ_12_FindSpouseAquaAcadia_container,ConsecutiveTaskContainer,,0,,0,,,0,0,false,,,,,false,,,0,,,,,,,,,,,,,,,,,,,,,,,,,,,,,,,,false,,,,,,,,,13A_SQ_12_FindSpouseAquaAcadia_Task_GoTo,13A_SQ_12_FindSpouseAquaAcadia_Task_GatherChest,13A_SQ_12_FindSpouseAquaAcadia_Antiquarian_02,13A_SQ_12_FindSpouseAquaAcadia_Antiquarian_03,
13A_SQ_12_FindSpouseAquaAcadia_Task_GoTo,TaskGoToPOITag,,1,,0,,,0,0,true,,weaversfen_temple_50338,,,false,,,0,,,,,,,,,,,,,,,,,,,,,,,,,,,@13A_SQ_12_FindSpouseAquaAcadia_Task_GoTo,,,,,false,,,,,,,,,,,,,
13A_SQ_12_FindSpouseAquaAcadia_Task_GatherChest,TaskHaveAndReturnItems,,1,,1,1335_0203_ScrapOfClothing,,0,75,true,,weaversfen_temple_50338,,,true,,,2,,,,,,,,,,,,,,,,,,,,,,,,,,,@13A_SQ_12_FindSpouseAquaAcadia_Task_KillToken,,10947.048 6697.773 241.213,,,false,,,,,,,,,,,,,
13A_SQ_12_FindSpouseAquaAcadia_Antiquarian_02,TaskLockAchievement,,0,,1,SwapActive_13A_Antiquarian_3,,0,0,false,,,,,false,,,0,,,,,,,,,,,,,,,,,,,,,,,,,,,,,,1,,false,,,,,,,,,,,,,
13A_SQ_12_FindSpouseAquaAcadia_Antiquarian_03,TaskUnlockAchievement,,0,,1,SwapActive_13A_Antiquarian_4,,0,0,false,,,,,false,,,0,,,,,,,,,,,,,,,,,,,,,,,,,,,,,,1,,false,,,,,,,,,,,,,
13A_SQ_13_SpouseReunion_container,ConsecutiveTaskContainer,,0,,0,,,0,0,false,,,,,false,,,0,,,,,,,,,,,,,,,,,,,,,,,,,,,,,,,,false,,,,,,,,,13A_SQ_13_SpouseReunion_sliceswap_container,13A_SQ_13_SpouseReunion_NPCnote_container,,,
13A_SQ_13_SpouseReunion_sliceswap_container,ConsecutiveTaskContainer,,0,,0,,,0,0,false,,,,,false,,,0,,,,,,,,,,,,,,,,,,,,,,,,,,,,,,1,,false,,,,,,,,,13A_SQ_13_SpouseReunion_swap_trigger,13A_SQ_13_SpouseReunion_SliceSwap_Nora_On,13A_SQ_13_SpouseReunion_SliceSwap_Nora_Off,,
13A_SQ_13_SpouseReunion_swap_trigger,TaskTriggerArea,,0,,1,,,0,0,false,,,,,false,,,0,,,,,,Enter,,,,,,,,,,,,,,,,,,,,Spouse_Swap_Trigger,@13A_SQ_13_SpouseReunion_swap_trigger,,10944.03 6346.11 168.77,,,false,,,,,,,,,,,,,
13A_SQ_13_SpouseReunion_SliceSwap_Nora_On,TaskUnlockAchievement,,1,,1,SwapActive_13A_AntiquarianSpouse_2,,0,0,false,,,,,false,,,0,,,,,,,,,,,,,,,,,,,,,,,,,,,,,,1,,false,,,,,,,,,,,,,
13A_SQ_13_SpouseReunion_SliceSwap_Nora_Off,TaskUnlockAchievement,,1,,1,SwapActive_13A_AntiquarianSpouse_1,,0,0,false,,,,,false,,,0,,,,,,,,,,,,,,,,,,,,,,,,,,,@09_task_transport_generic,,,1,,false,,,,,,,,,,,,,
13A_SQ_13_SpouseReunion_NPCnote_container,SimpleTaskContainer,,0,,0,,,0,0,false,,,,,false,,,0,,,,,,,,,,,,,,,,,,,,,,,,,,,,,,1,,false,,,,,,,,,13A_SQ_13_SpouseReunion_Task_Transport_NPC_Note,13A_SQ_13_SpouseReunion_Have_NPC_Note,,,
13A_SQ_13_SpouseReunion_Task_Transport_NPC_Note,TaskGiveAndTakeItem,,1,,1,1335_0204_Token,,0,100,false,,,,,false,,,0,,,,,,,,,,,,,,,,,,,,,,,,,,,@09_task_transport_generic,,,1,,false,,,,,,,,,,,,,
13A_SQ_13_SpouseReunion_Have_NPC_Note,TaskHaveAndReturnItems,,1,,1,1335_0204_Token,,0,0,false,,,,,false,,,0,,,,,,,,,,,,,,,,,,,,,,,,,,,,,,1,,false,,,,,,,,,,,,,
13A_SQ_28_BearUrine_container,ConsecutiveTaskContainer,,0,,0,,,0,0,false,,,,,false,,,0,,,,,,,,,,,,,,,,,,,,,,,,,,,,,,,,false,,,,,,,,,13A_SQ_28_BearUrine_Talk_Hunter,13A_SQ_28_BearUrine_GetRecipe,13A_SQ_28_BearUrine_container_craftrepellant,13A_SQ_28_BearUrine_container_Talk_Researchers,13A_SQ_28_BearUrine_container_Return
13A_SQ_28_BearUrine_Talk_Hunter,TaskConversationTopic,,0,,1,9914_MSQ_Hunter,,0,0,false,,,,,false,,,0,,,,,13A_HunterJulio_Repellent,,,,,,,,,,,,,,,,,,,,,,@13A_SQ_28_BearUrine_taskNoseKnowsHunter,,10647.00 5116.00 114.00,,,false,,,,,,,,,,,,,
13A_SQ_28_BearUrine_GetRecipe,TaskGiveItem,,1,,1,WorkOrder_9904_0028_Repellant,,0,0,false,,,,,false,TRUE,,0,,,,,,,,,,,,,,,,,,,,,,,,,,,,,,1,,false,,,,,,,,,,,,,
13A_SQ_28_BearUrine_container_craftrepellant,ConsecutiveTaskContainer,,0,,0,,,0,0,false,,,,,false,,,0,,,,,,,,,,,,,,,,,,,,,,,,,,,,,,1,,false,,,,,,,,,13A_SQ_28_BearUrine_Gather_Urine,13A_SQ_28_BearUrine_Have_Repellant,13A_SQ_28_BearUrine_Get_DistilledUrine,,
13A_SQ_28_BearUrine_Gather_Urine,TaskGatherItems,,0,,4,9904_0028_FreshUrine,MSQ_0028_UrinePuddle,100,0,false,,,,,true,,,0,,,,IO_MSQ_0028_UrinePuddle,,,,,,,,,,,,,,,,,,,,,,,@13A_SQ_28_BearUrine_GatherUrine,,10741.006 5046.944 91.293,,,false,,,,,,,,,,,,,
13A_SQ_28_BearUrine_Have_Repellant,TaskHaveAndReturnItems,,0,,1,9904_0028_DistilledUrine,,0,0,false,,,,,false,,,0,,,,,,,,,,,,,,,,,,,,,,,,,,,@13A_SQ_28_BearUrine_CraftRepellant,,10649.748 5120.735 114.733,,,true,,,,,,,,,,,,,
13A_SQ_28_BearUrine_Get_DistilledUrine,TaskGiveItem,,0,,4,9904_0028_DistilledUrine,,0,0,false,,,,,false,1,,0,,,,,,,,,,,,,,,,,,,,,,,,,,,,,,1,,false,,,,,,,,,,,,,
13A_SQ_28_BearUrine_container_Talk_Researchers,ConsecutiveTaskContainer,,0,,0,,,0,0,false,,,,,false,,,0,,,,,,,,,,,,,,,,,,,,,,,,,,,,,,1,,false,,,,,,,,,13A_SQ_28_BearUrine_container_ResearcherPiper,13A_SQ_28_BearUrine_container_ResearcherLing,13A_SQ_28_BearUrine_container_ResearcherRinde,13A_SQ_28_BearUrine_container_ResearcherLubin,
13A_SQ_28_BearUrine_container_ResearcherPiper,SimpleTaskContainer,,0,,0,,,0,0,false,,,,,false,,,0,,,,,,,,,,,,,,,,,,,,,,,,,,,,,,1,,false,,,,,,,,,13A_SQ_28_BearUrine_Talk_Piper,13A_SQ_28_BearUrine_Gift_BearPee1,,,
13A_SQ_28_BearUrine_Talk_Piper,TaskConversationTopic,,0,,1,9915_MSQ_Researcher1,,0,0,false,,,,,false,,,0,,,,,13A_ResearcherPiper_Repellent,,,,,,,,,,,,,,,,,,,,,,@13A_SQ_28_BearUrine_taskNoseKnows2,,10705.323 5199.881 72.128,,,false,,,,,,,,,,,,,
13A_SQ_28_BearUrine_Gift_BearPee1,TaskRemoveItem,,1,,1,9904_0028_DistilledUrine,,0,0,false,,,,,false,,,0,,,,,,,,,,,,,,,,,,,,,,,,,,,,,,1,,false,,,,,,,,,,,,,
13A_SQ_28_BearUrine_container_ResearcherLing,SimpleTaskContainer,,0,,0,,,0,0,false,,,,,false,,,0,,,,,,,,,,,,,,,,,,,,,,,,,,,,,,1,,false,,,,,,,,,13A_SQ_28_BearUrine_Talk_Ling,13A_SQ_28_BearUrine_Gift_BearPee2,,,
13A_SQ_28_BearUrine_Talk_Ling,TaskConversationTopic,,0,,1,9916_MSQ_Researcher2,,0,0,false,,,,,false,,,0,,,,,13A_ResearcherLing_Repellent,,,,,,,,,,,,,,,,,,,,,,@13A_SQ_28_BearUrine_taskNoseKnows3,,10771.00 5160.00 62.00,,,false,,,,,,,,,,,,,
13A_SQ_28_BearUrine_Gift_BearPee2,TaskRemoveItem,,1,,1,9904_0028_DistilledUrine,,0,0,false,,,,,false,,,0,,,,,,,,,,,,,,,,,,,,,,,,,,,,,,1,,false,,,,,,,,,,,,,
13A_SQ_28_BearUrine_container_ResearcherRinde,SimpleTaskContainer,,0,,0,,,0,0,false,,,,,false,,,0,,,,,,,,,,,,,,,,,,,,,,,,,,,,,,1,,false,,,,,,,,,13A_SQ_28_BearUrine_Talk_Rinde,13A_SQ_28_BearUrine_Gift_BearPee3,,,
13A_SQ_28_BearUrine_Talk_Rinde,TaskConversationTopic,,0,,1,9917_MSQ_Researcher3,,0,0,false,,,,,false,,,0,,,,,13A_ResearcherRinde_Repellent,,,,,,,,,,,,,,,,,,,,,,@13A_SQ_28_BearUrine_taskNoseKnows4,,10828.00 5089.00 71.00,,,false,,,,,,,,,,,,,
13A_SQ_28_BearUrine_Gift_BearPee3,TaskRemoveItem,,1,,1,9904_0028_DistilledUrine,,0,0,false,,,,,false,,,0,,,,,,,,,,,,,,,,,,,,,,,,,,,,,,1,,false,,,,,,,,,,,,,
13A_SQ_28_BearUrine_container_ResearcherLubin,SimpleTaskContainer,,0,,0,,,0,0,false,,,,,false,,,0,,,,,,,,,,,,,,,,,,,,,,,,,,,,,,1,,false,,,,,,,,,13A_SQ_28_BearUrine_Talk_Lubin,13A_SQ_28_BearUrine_Gift_BearPee4,,,
13A_SQ_28_BearUrine_Talk_Lubin,TaskConversationTopic,,0,,1,9918_MSQ_Researcher4,,0,0,false,,,,,false,,,0,,,,,13A_ResearcherLubin_Repellent,,,,,,,,,,,,,,,,,,,,,,@13A_SQ_28_BearUrine_taskNoseKnows5,,10731.00 5049.00 91.00,,,false,,,,,,,,,,,,,
13A_SQ_28_BearUrine_Gift_BearPee4,TaskRemoveItem,,1,,1,9904_0028_DistilledUrine,,0,0,false,,,,,false,,,0,,,,,,,,,,,,,,,,,,,,,,,,,,,,,,1,,false,,,,,,,,,,,,,
13A_SQ_28_BearUrine_container_Return,SimpleTaskContainer,,0,,0,,,0,0,false,,,,,false,,,0,,,,,,,,,,,,,,,,,,,,,,,,,,,,,,1,,false,,,,,,,,,13A_SQ_28_BearUrine_Trigger_ReturnToTheo,,,,
13A_SQ_28_BearUrine_Trigger_ReturnToTheo,TaskTriggerArea,,0,,1,,,0,0,false,,,,,false,,,0,,,,,,Enter,,,,,,,,,,,,,,,,,,,,TriggerVol_MSQ_Theophrastus1,@13A_SQ_28_BearUrine_Return,,10659.81 5035.97 112.00,,,false,,,,,,,,,,,,,